snapped_at,pBTC
2013-04-28 00:00:00 UTC,13203.1967
2013-04-29 00:00:00 UTC,14108.4087
2013-04-30 00:00:00 UTC,13629.7741
2013-05-01 00:00:00 UTC,11364.3607
2013-05-02 00:00:00 UTC,10350.6908
2013-05-03 00:00:00 UTC,9602.7634
2013-05-04 00:00:00 UTC,11128.1292
2013-05-05 00:00:00 UTC,11470.4956
2013-05-06 00:00:00 UTC,11124.2848
2013-05-07 00:00:00 UTC,10880.571
2013-05-08 00:00:00 UTC,11212.6763
2013-05-09 00:00:00 UTC,11162.7722
2013-05-10 00:00:00 UTC,11759.7846
2013-05-11 00:00:00 UTC,11692.9992
2013-05-12 00:00:00 UTC,11657.2829
2013-05-13 00:00:00 UTC,11999.2777
2013-05-14 00:00:00 UTC,11334.1774
2013-05-15 00:00:00 UTC,11652.9114
2013-05-16 00:00:00 UTC,12063.1261
2013-05-17 00:00:00 UTC,12634.1738
2013-05-18 00:00:00 UTC,12687.0613
2013-05-19 00:00:00 UTC,12606.8082
2013-05-20 00:00:00 UTC,12526.8678
2013-05-21 00:00:00 UTC,12598.8455
2013-05-22 00:00:00 UTC,12701.8326
2013-05-23 00:00:00 UTC,13002.9701
2013-05-24 00:00:00 UTC,13574.428
2013-05-25 00:00:00 UTC,13402.6118
2013-05-26 00:00:00 UTC,13519.5232
2013-05-27 00:00:00 UTC,13131.0682
2013-05-28 00:00:00 UTC,13040.6351
2013-05-29 00:00:00 UTC,13488.0128
2013-05-30 00:00:00 UTC,13058.8421
2013-05-31 00:00:00 UTC,13001.7041
2013-06-01 00:00:00 UTC,13017.0559
2013-06-02 00:00:00 UTC,12321.0839
2013-06-03 00:00:00 UTC,12141.1971
2013-06-05 00:00:00 UTC,12203.5904
2013-06-06 00:00:00 UTC,11832.8605
2013-06-07 00:00:00 UTC,10894.2589
2013-06-08 00:00:00 UTC,10524.0454
2013-06-09 00:00:00 UTC,9779.8091
2013-06-10 00:00:00 UTC,10391.0633
2013-06-11 00:00:00 UTC,10749.8813
2013-06-12 00:00:00 UTC,10539.9981
2013-06-13 00:00:00 UTC,10021.4594
2013-06-14 00:00:00 UTC,9544.2665
2013-06-15 00:00:00 UTC,9425.0795
2013-06-16 00:00:00 UTC,9423.6647
2013-06-17 00:00:00 UTC,9601.819
2013-06-18 00:00:00 UTC,10149.4555
2013-06-19 00:00:00 UTC,10311.936
2013-06-20 00:00:00 UTC,10665.5195
2013-06-21 00:00:00 UTC,10624.9553
2013-06-22 00:00:00 UTC,10575.372
2013-06-23 00:00:00 UTC,10550.1828
2013-06-24 00:00:00 UTC,10018.5611
2013-06-25 00:00:00 UTC,10104.905
2013-06-26 00:00:00 UTC,10181.0559
2013-06-27 00:00:00 UTC,9940.0879
2013-06-28 00:00:00 UTC,9299.357
2013-06-29 00:00:00 UTC,9395.602
2013-06-30 00:00:00 UTC,9665.3685
2013-07-01 00:00:00 UTC,8399.1578
2013-07-02 00:00:00 UTC,8725.5938
2013-07-03 00:00:00 UTC,7707.9216
2013-07-04 00:00:00 UTC,7763.3709
2013-07-05 00:00:00 UTC,6641.8319
2013-07-06 00:00:00 UTC,6732.3105
2013-07-07 00:00:00 UTC,7326.8975
2013-07-08 00:00:00 UTC,7553.1194
2013-07-09 00:00:00 UTC,7497.8553
2013-07-10 00:00:00 UTC,8548.0005
2013-07-11 00:00:00 UTC,9092.1902
2013-07-12 00:00:00 UTC,8794.4261
2013-07-13 00:00:00 UTC,9064.4481
2013-07-14 00:00:00 UTC,8970.8808
2013-07-15 00:00:00 UTC,9244.1976
2013-07-16 00:00:00 UTC,9249.0521
2013-07-17 00:00:00 UTC,8995.6646
2013-07-18 00:00:00 UTC,8507.2926
2013-07-19 00:00:00 UTC,8586.7236
2013-07-20 00:00:00 UTC,8589.4518
2013-07-21 00:00:00 UTC,8587.8232
2013-07-22 00:00:00 UTC,8646.8935
2013-07-23 00:00:00 UTC,8687.143
2013-07-24 00:00:00 UTC,8723.8536
2013-07-25 00:00:00 UTC,8956.7562
2013-07-26 00:00:00 UTC,9025.6208
2013-07-27 00:00:00 UTC,8793.2704
2013-07-28 00:00:00 UTC,9056.938
2013-07-29 00:00:00 UTC,9157.3304
2013-07-30 00:00:00 UTC,9436.5687
2013-07-31 00:00:00 UTC,9599.8609
2013-08-01 00:00:00 UTC,9433.6784
2013-08-02 00:00:00 UTC,9629.4567
2013-08-03 00:00:00 UTC,9570.2338
2013-08-04 00:00:00 UTC,9564.0677
2013-08-05 00:00:00 UTC,9587.6368
2013-08-06 00:00:00 UTC,9560.0107
2013-08-07 00:00:00 UTC,9497.8842
2013-08-08 00:00:00 UTC,9175.7185
2013-08-09 00:00:00 UTC,9020.1464
2013-08-10 00:00:00 UTC,8987.5829
2013-08-11 00:00:00 UTC,9067.9712
2013-08-12 00:00:00 UTC,9156.8664
2013-08-13 00:00:00 UTC,9492.0206
2013-08-14 00:00:00 UTC,9591.0368
2013-08-15 00:00:00 UTC,9560.7496
2013-08-16 00:00:00 UTC,9590.3911
2013-08-17 00:00:00 UTC,9717.2544
2013-08-18 00:00:00 UTC,9642.0473
2013-08-19 00:00:00 UTC,9987.7754
2013-08-20 00:00:00 UTC,10253.9933
2013-08-21 00:00:00 UTC,10855.6691
2013-08-22 00:00:00 UTC,10718.4172
2013-08-23 00:00:00 UTC,10591.5662
2013-08-24 00:00:00 UTC,10724.6424
2013-08-25 00:00:00 UTC,11037.873
2013-08-26 00:00:00 UTC,11077.2736
2013-08-27 00:00:00 UTC,11570.5896
2013-08-28 00:00:00 UTC,11485.6736
2013-08-29 00:00:00 UTC,11533.5934
2013-08-30 00:00:00 UTC,12092.8228
2013-08-31 00:00:00 UTC,12709.3201
2013-09-01 00:00:00 UTC,12612.7159
2013-09-02 00:00:00 UTC,12629.3697
2013-09-03 00:00:00 UTC,12688.5187
2013-09-04 00:00:00 UTC,12020.1579
2013-09-05 00:00:00 UTC,12058.3298
2013-09-06 00:00:00 UTC,11554.5015
2013-09-07 00:00:00 UTC,11810.7809
2013-09-08 00:00:00 UTC,11603.6977
2013-09-09 00:00:00 UTC,11940.292
2013-09-10 00:00:00 UTC,12167.1065
2013-09-11 00:00:00 UTC,12543.4601
2013-09-12 00:00:00 UTC,12526.0491
2013-09-13 00:00:00 UTC,12579.967
2013-09-14 00:00:00 UTC,12331.789
2013-09-15 00:00:00 UTC,12326.9483
2013-09-16 00:00:00 UTC,12392.0155
2013-09-17 00:00:00 UTC,12484.9201
2013-09-18 00:00:00 UTC,12428.4863
2013-09-19 00:00:00 UTC,12327.7995
2013-09-20 00:00:00 UTC,12199.7197
2013-09-21 00:00:00 UTC,12185.5757
2013-09-22 00:00:00 UTC,12177.0176
2013-09-23 00:00:00 UTC,12090.8967
2013-09-24 00:00:00 UTC,12111.5
2013-09-25 00:00:00 UTC,12160.5846
2013-09-26 00:00:00 UTC,12201.9374
2013-09-27 00:00:00 UTC,12149.1453
2013-09-28 00:00:00 UTC,12267.8759
2013-09-29 00:00:00 UTC,12263.9982
2013-09-30 00:00:00 UTC,12100.4693
2013-10-01 00:00:00 UTC,12307.9218
2013-10-02 00:00:00 UTC,9747.7365
2013-10-03 00:00:00 UTC,11390.4348
2013-10-04 00:00:00 UTC,11817.9925
2013-10-05 00:00:00 UTC,11801.9779
2013-10-06 00:00:00 UTC,11848.599
2013-10-07 00:00:00 UTC,11938.215
2013-10-08 00:00:00 UTC,12049.521
2013-10-09 00:00:00 UTC,12243.5085
2013-10-10 00:00:00 UTC,12318.2673
2013-10-11 00:00:00 UTC,12345.5693
2013-10-12 00:00:00 UTC,12465.9041
2013-10-13 00:00:00 UTC,12834.4256
2013-10-14 00:00:00 UTC,13113.3447
2013-10-15 00:00:00 UTC,13626.2033
2013-10-16 00:00:00 UTC,13559.1012
2013-10-17 00:00:00 UTC,13987.9342
2013-10-18 00:00:00 UTC,14639.1229
2013-10-19 00:00:00 UTC,15629.3408
2013-10-20 00:00:00 UTC,15951.8125
2013-10-21 00:00:00 UTC,17085.5392
2013-10-22 00:00:00 UTC,18045.1899
2013-10-23 00:00:00 UTC,19561.7418
2013-10-24 00:00:00 UTC,17828.7099
2013-10-25 00:00:00 UTC,17340.7547
2013-10-26 00:00:00 UTC,17128.7605
2013-10-27 00:00:00 UTC,18104.3052
2013-10-28 00:00:00 UTC,18341.6389
2013-10-29 00:00:00 UTC,19430.9099
2013-10-30 00:00:00 UTC,19123.8806
2013-10-31 00:00:00 UTC,19490.6245
2013-11-01 00:00:00 UTC,19566.122
2013-11-02 00:00:00 UTC,19814.5411
2013-11-03 00:00:00 UTC,20477.5862
2013-11-04 00:00:00 UTC,22213.4141
2013-11-05 00:00:00 UTC,23588.4017
2013-11-06 00:00:00 UTC,25019.9211
2013-11-07 00:00:00 UTC,27831.6238
2013-11-08 00:00:00 UTC,32047.1776
2013-11-09 00:00:00 UTC,33257.4538
2013-11-10 00:00:00 UTC,30916.8349
2013-11-11 00:00:00 UTC,32981.6289
2013-11-12 00:00:00 UTC,34765.7702
2013-11-13 00:00:00 UTC,39046.7326
2013-11-14 00:00:00 UTC,41041.3529
2013-11-15 00:00:00 UTC,40953.9263
2013-11-16 00:00:00 UTC,42964.0702
2013-11-17 00:00:00 UTC,47736.3822
2013-11-18 00:00:00 UTC,67436.2651
2013-11-19 00:00:00 UTC,54268.8838
2013-11-20 00:00:00 UTC,57275.6936
2013-11-21 00:00:00 UTC,70239.5436
2013-11-22 00:00:00 UTC,75602.55
2013-11-23 00:00:00 UTC,78643.9598
2013-11-24 00:00:00 UTC,76110.5828
2013-11-25 00:00:00 UTC,79046.9909
2013-11-26 00:00:00 UTC,91146.871
2013-11-27 00:00:00 UTC,96811.0105
2013-11-28 00:00:00 UTC,106041.1316
2013-11-29 00:00:00 UTC,114711.1842
2013-11-30 00:00:00 UTC,115196.4411
2013-12-01 00:00:00 UTC,97028.4335
2013-12-02 00:00:00 UTC,106781.9972
2013-12-03 00:00:00 UTC,109506.1399
2013-12-04 00:00:00 UTC,117490.2328
2013-12-05 00:00:00 UTC,106182.8324
2013-12-06 00:00:00 UTC,85679.8452
2013-12-07 00:00:00 UTC,71364.2444
2013-12-08 00:00:00 UTC,81994.4311
2013-12-09 00:00:00 UTC,92664.5767
2013-12-10 00:00:00 UTC,101858.2666
2013-12-11 00:00:00 UTC,90624.509
2013-12-12 00:00:00 UTC,90470.4017
2013-12-13 00:00:00 UTC,92634.41
2013-12-14 00:00:00 UTC,89581.6125
2013-12-15 00:00:00 UTC,90751.8116
2013-12-16 00:00:00 UTC,73457.508
2013-12-17 00:00:00 UTC,70220.8065
2013-12-18 00:00:00 UTC,54326.8877
2013-12-19 00:00:00 UTC,72630.3105
2013-12-20 00:00:00 UTC,64836.4619
2013-12-21 00:00:00 UTC,63416.7603
2013-12-22 00:00:00 UTC,64280.0263
2013-12-23 00:00:00 UTC,70110.417
2013-12-24 00:00:00 UTC,69605.559
2013-12-25 00:00:00 UTC,71750.5177
2013-12-26 00:00:00 UTC,80113.0117
2013-12-27 00:00:00 UTC,78458.0583
2013-12-28 00:00:00 UTC,76779.9323
2013-12-29 00:00:00 UTC,78432.3069
2013-12-30 00:00:00 UTC,79342.4298
2013-12-31 00:00:00 UTC,79764.0263
2014-01-01 00:00:00 UTC,81119.8692
2014-01-02 00:00:00 UTC,84765.4171
2014-01-03 00:00:00 UTC,87080.8035
2014-01-04 00:00:00 UTC,89994.5633
2014-01-05 00:00:00 UTC,98567.1243
2014-01-06 00:00:00 UTC,99263.0983
2014-01-07 00:00:00 UTC,84807.1169
2014-01-08 00:00:00 UTC,90119.0756
2014-01-09 00:00:00 UTC,90237.0366
2014-01-10 00:00:00 UTC,92276.5778
2014-01-11 00:00:00 UTC,97061.0862
2014-01-12 00:00:00 UTC,90904.9835
2014-01-13 00:00:00 UTC,88596.5268
2014-01-14 00:00:00 UTC,88667.1178
2014-01-15 00:00:00 UTC,91294.4923
2014-01-16 00:00:00 UTC,88436.8964
2014-01-17 00:00:00 UTC,86442.1138
2014-01-18 00:00:00 UTC,88021.3741
2014-01-19 00:00:00 UTC,91643.0612
2014-01-20 00:00:00 UTC,90763.5824
2014-01-21 00:00:00 UTC,91149.2987
2014-01-22 00:00:00 UTC,90308.8638
2014-01-23 00:00:00 UTC,88462.3023
2014-01-24 00:00:00 UTC,84719.0805
2014-01-25 00:00:00 UTC,88276.1851
2014-01-26 00:00:00 UTC,89830.0137
2014-01-27 00:00:00 UTC,83517.0368
2014-01-28 00:00:00 UTC,86012.4368
2014-01-29 00:00:00 UTC,85672.2395
2014-01-30 00:00:00 UTC,86931.6442
2014-01-31 00:00:00 UTC,86614.7346
2014-02-01 00:00:00 UTC,87119.7601
2014-02-02 00:00:00 UTC,87232.6248
2014-02-03 00:00:00 UTC,85757.9179
2014-02-04 00:00:00 UTC,85614.6353
2014-02-05 00:00:00 UTC,83279.4221
2014-02-06 00:00:00 UTC,79864.8615
2014-02-07 00:00:00 UTC,71893.6432
2014-02-08 00:00:00 UTC,69242.282
2014-02-09 00:00:00 UTC,69892.7569
2014-02-10 00:00:00 UTC,69499.9236
2014-02-11 00:00:00 UTC,68652.1269
2014-02-12 00:00:00 UTC,66445.0472
2014-02-13 00:00:00 UTC,61199.0737
2014-02-14 00:00:00 UTC,66900.354
2014-02-15 00:00:00 UTC,65727.8805
2014-02-16 00:00:00 UTC,62129.1305
2014-02-17 00:00:00 UTC,63340.306
2014-02-18 00:00:00 UTC,63536.3169
2014-02-19 00:00:00 UTC,63196.3063
2014-02-20 00:00:00 UTC,56493.6811
2014-02-21 00:00:00 UTC,58281.3318
2014-02-22 00:00:00 UTC,61990.3493
2014-02-23 00:00:00 UTC,61991.388
2014-02-24 00:00:00 UTC,55889.8315
2014-02-25 00:00:00 UTC,54664.984
2014-02-26 00:00:00 UTC,59076.6756
2014-02-27 00:00:00 UTC,58934.3848
2014-02-28 00:00:00 UTC,55417.7866
2014-03-01 00:00:00 UTC,57398.7317
2014-03-02 00:00:00 UTC,56920.2121
2014-03-03 00:00:00 UTC,67102.3449
2014-03-04 00:00:00 UTC,67742.8038
2014-03-05 00:00:00 UTC,67640.7978
2014-03-06 00:00:00 UTC,67811.2727
2014-03-07 00:00:00 UTC,64569.0929
2014-03-08 00:00:00 UTC,63522.5443
2014-03-09 00:00:00 UTC,65338.4178
2014-03-10 00:00:00 UTC,64631.1883
2014-03-11 00:00:00 UTC,64797.0724
2014-03-12 00:00:00 UTC,64930.3859
2014-03-13 00:00:00 UTC,65111.015
2014-03-14 00:00:00 UTC,63657.3582
2014-03-15 00:00:00 UTC,64252.7627
2014-03-16 00:00:00 UTC,63933.7951
2014-03-17 00:00:00 UTC,63190.3174
2014-03-18 00:00:00 UTC,62254.3885
2014-03-19 00:00:00 UTC,62232.1058
2014-03-20 00:00:00 UTC,59979.2188
2014-03-21 00:00:00 UTC,58379.1507
2014-03-22 00:00:00 UTC,57718.1959
2014-03-23 00:00:00 UTC,57391.537
2014-03-24 00:00:00 UTC,59943.9478
2014-03-25 00:00:00 UTC,59565.4582
2014-03-26 00:00:00 UTC,59124.7198
2014-03-27 00:00:00 UTC,48878.373
2014-03-28 00:00:00 UTC,51598.5177
2014-03-29 00:00:00 UTC,50670.182
2014-03-30 00:00:00 UTC,47524.8923
2014-03-31 00:00:00 UTC,47288.8517
2014-04-01 00:00:00 UTC,49570.0663
2014-04-02 00:00:00 UTC,45370.698
2014-04-03 00:00:00 UTC,46449.0238
2014-04-04 00:00:00 UTC,46424.0278
2014-04-05 00:00:00 UTC,48053.1896
2014-04-06 00:00:00 UTC,47597.8765
2014-04-07 00:00:00 UTC,46016.7434
2014-04-08 00:00:00 UTC,45996.9036
2014-04-09 00:00:00 UTC,44939.4936
2014-04-10 00:00:00 UTC,36658.7084
2014-04-11 00:00:00 UTC,42697.5474
2014-04-12 00:00:00 UTC,42745.028
2014-04-13 00:00:00 UTC,42161.0688
2014-04-14 00:00:00 UTC,46596.4095
2014-04-15 00:00:00 UTC,52963.9463
2014-04-16 00:00:00 UTC,54059.9293
2014-04-17 00:00:00 UTC,50603.2726
2014-04-18 00:00:00 UTC,48963.3667
2014-04-19 00:00:00 UTC,51374.6741
2014-04-20 00:00:00 UTC,50940.5026
2014-04-21 00:00:00 UTC,50578.6761
2014-04-22 00:00:00 UTC,49697.9574
2014-04-23 00:00:00 UTC,49986.2795
2014-04-24 00:00:00 UTC,50575.1862
2014-04-25 00:00:00 UTC,46896.5143
2014-04-26 00:00:00 UTC,46391.1984
2014-04-27 00:00:00 UTC,44744.8614
2014-04-28 00:00:00 UTC,44756.5541
2014-04-29 00:00:00 UTC,45467.4006
2014-04-30 00:00:00 UTC,45523.3913
2014-05-01 00:00:00 UTC,46574.8648
2014-05-02 00:00:00 UTC,45326.663
2014-05-03 00:00:00 UTC,44375.1333
2014-05-04 00:00:00 UTC,44357.8896
2014-05-05 00:00:00 UTC,43834.2459
2014-05-06 00:00:00 UTC,43431.5811
2014-05-07 00:00:00 UTC,44750.832
2014-05-08 00:00:00 UTC,44458.6375
2014-05-09 00:00:00 UTC,45566.1439
2014-05-10 00:00:00 UTC,46080.1219
2014-05-11 00:00:00 UTC,44432.7973
2014-05-12 00:00:00 UTC,44851.2702
2014-05-13 00:00:00 UTC,44695.152
2014-05-14 00:00:00 UTC,45284.1507
2014-05-15 00:00:00 UTC,45148.3705
2014-05-16 00:00:00 UTC,45220.5747
2014-05-17 00:00:00 UTC,45262.9384
2014-05-18 00:00:00 UTC,45093.8283
2014-05-19 00:00:00 UTC,45046.7229
2014-05-20 00:00:00 UTC,48981.0342
2014-05-21 00:00:00 UTC,49567.9475
2014-05-22 00:00:00 UTC,53123.7638
2014-05-23 00:00:00 UTC,53444.6835
2014-05-24 00:00:00 UTC,53329.7436
2014-05-25 00:00:00 UTC,58015.213
2014-05-26 00:00:00 UTC,59087.6203
2014-05-27 00:00:00 UTC,58079.4463
2014-05-28 00:00:00 UTC,58122.3914
2014-05-29 00:00:00 UTC,57527.2429
2014-05-30 00:00:00 UTC,63202.9149
2014-05-31 00:00:00 UTC,63139.2267
2014-06-01 00:00:00 UTC,65181.71
2014-06-02 00:00:00 UTC,67125.6699
2014-06-03 00:00:00 UTC,68363.8797
2014-06-04 00:00:00 UTC,65829.9737
2014-06-05 00:00:00 UTC,67436.2961
2014-06-06 00:00:00 UTC,66483.6001
2014-06-07 00:00:00 UTC,66778.6643
2014-06-08 00:00:00 UTC,66601.6478
2014-06-09 00:00:00 UTC,66023.509
2014-06-10 00:00:00 UTC,66450.5534
2014-06-11 00:00:00 UTC,64309.9237
2014-06-12 00:00:00 UTC,57754.6913
2014-06-13 00:00:00 UTC,60664.7779
2014-06-14 00:00:00 UTC,58142.2796
2014-06-15 00:00:00 UTC,59518.32
2014-06-16 00:00:00 UTC,60435.3678
2014-06-17 00:00:00 UTC,61991.8377
2014-06-18 00:00:00 UTC,61598.9203
2014-06-19 00:00:00 UTC,60519.5571
2014-06-20 00:00:00 UTC,60204.3733
2014-06-21 00:00:00 UTC,60340.5234
2014-06-22 00:00:00 UTC,60765.802
2014-06-23 00:00:00 UTC,59761.1658
2014-06-24 00:00:00 UTC,59379.3626
2014-06-25 00:00:00 UTC,57187.4048
2014-06-26 00:00:00 UTC,58945.5069
2014-06-27 00:00:00 UTC,60707.4432
2014-06-28 00:00:00 UTC,60332.7093
2014-06-29 00:00:00 UTC,60713.9684
2014-06-30 00:00:00 UTC,64631.3641
2014-07-01 00:00:00 UTC,65361.2055
2014-07-02 00:00:00 UTC,65922.8355
2014-07-03 00:00:00 UTC,65370.7961
2014-07-04 00:00:00 UTC,64008.084
2014-07-05 00:00:00 UTC,64061.2974
2014-07-06 00:00:00 UTC,64437.0287
2014-07-07 00:00:00 UTC,63124.1877
2014-07-08 00:00:00 UTC,63015.9839
2014-07-09 00:00:00 UTC,63031.0796
2014-07-10 00:00:00 UTC,62337.8211
2014-07-11 00:00:00 UTC,63922.4491
2014-07-12 00:00:00 UTC,64193.87852
2014-07-13 00:00:00 UTC,63594.25452
2014-07-14 00:00:00 UTC,62748.60774
2014-07-15 00:00:00 UTC,62904.9526
2014-07-16 00:00:00 UTC,62421.6974
2014-07-17 00:00:00 UTC,63069.6158
2014-07-18 00:00:00 UTC,63557.3189
2014-07-19 00:00:00 UTC,63732.0123
2014-07-20 00:00:00 UTC,63177.6089
2014-07-21 00:00:00 UTC,62857.3198
2014-07-22 00:00:00 UTC,62793.7287
2014-07-23 00:00:00 UTC,62738.3435
2014-07-24 00:00:00 UTC,61012.1258
2014-07-25 00:00:00 UTC,61080.3183
2014-07-26 00:00:00 UTC,60465.7719
2014-07-27 00:00:00 UTC,60094.5364
2014-07-28 00:00:00 UTC,59610.2915
2014-07-29 00:00:00 UTC,59362.665
2014-07-30 00:00:00 UTC,57579.6326
2014-07-31 00:00:00 UTC,59904.57879
2014-08-01 00:00:00 UTC,60960.89083
2014-08-02 00:00:00 UTC,60382.09798
2014-08-03 00:00:00 UTC,60070.03192
2014-08-04 00:00:00 UTC,60147.31481
2014-08-05 00:00:00 UTC,59754.65205
2014-08-06 00:00:00 UTC,59634.4204
2014-08-07 00:00:00 UTC,59980.3933
2014-08-08 00:00:00 UTC,60314.78795
2014-08-09 00:00:00 UTC,59993.35235
2014-08-10 00:00:00 UTC,60109.96907
2014-08-11 00:00:00 UTC,58575.8362
2014-08-12 00:00:00 UTC,57998.39451
2014-08-13 00:00:00 UTC,55716.4856
2014-08-14 00:00:00 UTC,51612.3154
2014-08-15 00:00:00 UTC,50388.46366
2014-08-16 00:00:00 UTC,53323.6311
2014-08-17 00:00:00 UTC,50667.2843
2014-08-18 00:00:00 UTC,47154.3927
2014-08-19 00:00:00 UTC,49780.3674
2014-08-20 00:00:00 UTC,53269.0514
2014-08-21 00:00:00 UTC,53510.3853
2014-08-22 00:00:00 UTC,53603.8404
2014-08-23 00:00:00 UTC,51611.1175
2014-08-24 00:00:00 UTC,52928.5492
2014-08-25 00:00:00 UTC,52056.7309
2014-08-26 00:00:00 UTC,53149.8583
2014-08-27 00:00:00 UTC,53044.8101
2014-08-28 00:00:00 UTC,52602.5615
2014-08-29 00:00:00 UTC,52866.3269
2014-08-30 00:00:00 UTC,52167.1708
2014-08-31 00:00:00 UTC,49998.8157
2014-09-01 00:00:00 UTC,49619.4129
2014-09-02 00:00:00 UTC,49808.0001
2014-09-03 00:00:00 UTC,49776.2346
2014-09-04 00:00:00 UTC,51564.0093
2014-09-05 00:00:00 UTC,50457.3976
2014-09-06 00:00:00 UTC,50696.015
2014-09-07 00:00:00 UTC,50544.4049
2014-09-08 00:00:00 UTC,49850.5366
2014-09-09 00:00:00 UTC,50022.4106
2014-09-10 00:00:00 UTC,50909.5172
2014-09-11 00:00:00 UTC,50946.2389
2014-09-12 00:00:00 UTC,50805.8755
2014-09-13 00:00:00 UTC,51085.2167
2014-09-14 00:00:00 UTC,50939.8679
2014-09-15 00:00:00 UTC,50712.1677
2014-09-16 00:00:00 UTC,49585.6624
2014-09-17 00:00:00 UTC,49210.6554
2014-09-18 00:00:00 UTC,45933.2454
2014-09-19 00:00:00 UTC,42853.3831
2014-09-20 00:00:00 UTC,44538.0048
2014-09-21 00:00:00 UTC,43220.5596
2014-09-22 00:00:00 UTC,43361.8802
2014-09-23 00:00:00 UTC,47208.3163
2014-09-24 00:00:00 UTC,45895.9386
2014-09-25 00:00:00 UTC,44348.5413
2014-09-26 00:00:00 UTC,44009.6452
2014-09-27 00:00:00 UTC,43475.7938
2014-09-28 00:00:00 UTC,41137.0424
2014-09-29 00:00:00 UTC,40816.1717
2014-09-30 00:00:00 UTC,42426.2919
2014-10-01 00:00:00 UTC,41576.5933
2014-10-02 00:00:00 UTC,40399.6588
2014-10-03 00:00:00 UTC,39028.9342
2014-10-04 00:00:00 UTC,36029.294
2014-10-05 00:00:00 UTC,35714.53
2014-10-06 00:00:00 UTC,35823.0227
2014-10-07 00:00:00 UTC,35946.3159
2014-10-08 00:00:00 UTC,38303.5952
2014-10-09 00:00:00 UTC,38705.8079
2014-10-10 00:00:00 UTC,38473.7275
2014-10-11 00:00:00 UTC,38688.9271
2014-10-12 00:00:00 UTC,40176.3095
2014-10-13 00:00:00 UTC,41462.1078
2014-10-14 00:00:00 UTC,42729.028
2014-10-15 00:00:00 UTC,41639.7244
2014-10-16 00:00:00 UTC,40389.1209
2014-10-17 00:00:00 UTC,40583.4266
2014-10-18 00:00:00 UTC,41558.626
2014-10-19 00:00:00 UTC,41409.2994
2014-10-20 00:00:00 UTC,40595.8902
2014-10-21 00:00:00 UTC,40935.9401
2014-10-22 00:00:00 UTC,40637.4937
2014-10-23 00:00:00 UTC,38464.6132
2014-10-24 00:00:00 UTC,38283.1554
2014-10-25 00:00:00 UTC,37527.87205
2014-10-26 00:00:00 UTC,37892.2091
2014-10-27 00:00:00 UTC,37580.5606
2014-10-28 00:00:00 UTC,37992.8265
2014-10-29 00:00:00 UTC,36190.6787
2014-10-30 00:00:00 UTC,37512.249
2014-10-31 00:00:00 UTC,37586.84543
2014-11-01 00:00:00 UTC,36331.0055
2014-11-02 00:00:00 UTC,36505.9823
2014-11-03 00:00:00 UTC,36787.9796
2014-11-04 00:00:00 UTC,37205.7877
2014-11-05 00:00:00 UTC,38646.8746
2014-11-06 00:00:00 UTC,40010.5164
2014-11-07 00:00:00 UTC,39109.2775
2014-11-08 00:00:00 UTC,39514.8366
2014-11-09 00:00:00 UTC,41612.5543
2014-11-10 00:00:00 UTC,41751.5281
2014-11-11 00:00:00 UTC,42320.2402
2014-11-12 00:00:00 UTC,48352.5358
2014-11-13 00:00:00 UTC,48097.2381
2014-11-14 00:00:00 UTC,45905.0205
2014-11-15 00:00:00 UTC,43895.2313
2014-11-16 00:00:00 UTC,45158.0414
2014-11-17 00:00:00 UTC,44875.9536
2014-11-18 00:00:00 UTC,43781.3515
2014-11-19 00:00:00 UTC,44366.4428
2014-11-20 00:00:00 UTC,42001.6869
2014-11-21 00:00:00 UTC,41193.16318
2014-11-22 00:00:00 UTC,41416.8203
2014-11-23 00:00:00 UTC,43223.4223
2014-11-24 00:00:00 UTC,44661.2285
2014-11-25 00:00:00 UTC,44262.1524
2014-11-26 00:00:00 UTC,43065.9582
2014-11-27 00:00:00 UTC,43414.192
2014-11-28 00:00:00 UTC,44637.8785
2014-11-29 00:00:00 UTC,44475.0274
2014-11-30 00:00:00 UTC,44724.0073
2014-12-01 00:00:00 UTC,44922.5431
2014-12-02 00:00:00 UTC,45415.3363
2014-12-03 00:00:00 UTC,44705.6111
2014-12-04 00:00:00 UTC,44038.4346
2014-12-05 00:00:00 UTC,45428.3813
2014-12-06 00:00:00 UTC,45149.359
2014-12-07 00:00:00 UTC,45333.0708
2014-12-08 00:00:00 UTC,43650.5876
2014-12-09 00:00:00 UTC,42086.4818
2014-12-10 00:00:00 UTC,41065.41413
2014-12-11 00:00:00 UTC,41248.1741
2014-12-12 00:00:00 UTC,41730.106
2014-12-13 00:00:00 UTC,41251.5832
2014-12-14 00:00:00 UTC,41493.3517
2014-12-15 00:00:00 UTC,40693.6543
2014-12-16 00:00:00 UTC,38382.9562
2014-12-17 00:00:00 UTC,37770.9479
2014-12-18 00:00:00 UTC,36728.68
2014-12-19 00:00:00 UTC,37891.3172
2014-12-20 00:00:00 UTC,39279.7151
2014-12-21 00:00:00 UTC,38190.0833
2014-12-22 00:00:00 UTC,39547.5335
2014-12-23 00:00:00 UTC,40250.6646
2014-12-24 00:00:00 UTC,38802.1775
2014-12-25 00:00:00 UTC,38270.5014
2014-12-26 00:00:00 UTC,39450.89559
2014-12-27 00:00:00 UTC,37858.8871
2014-12-28 00:00:00 UTC,38099.1857
2014-12-29 00:00:00 UTC,37698.1941
2014-12-30 00:00:00 UTC,37102.3178
2014-12-31 00:00:00 UTC,38008.8327
2015-01-01 00:00:00 UTC,37603.1484
2015-01-02 00:00:00 UTC,37849.2037
2015-01-03 00:00:00 UTC,34518.2852
2015-01-04 00:00:00 UTC,31432.4013
2015-01-05 00:00:00 UTC,32693.5062
2015-01-06 00:00:00 UTC,33922.0344
2015-01-07 00:00:00 UTC,35278.2087
2015-01-08 00:00:00 UTC,34024.1538
2015-01-09 00:00:00 UTC,34393.4696
2015-01-10 00:00:00 UTC,32577.7059
2015-01-11 00:00:00 UTC,31625.5224
2015-01-12 00:00:00 UTC,31760.63691
2015-01-13 00:00:00 UTC,26132.5042
2015-01-14 00:00:00 UTC,20358.8463
2015-01-15 00:00:00 UTC,24489.0414
2015-01-16 00:00:00 UTC,24165.1683
2015-01-17 00:00:00 UTC,23416.4202
2015-01-18 00:00:00 UTC,24567.3651
2015-01-19 00:00:00 UTC,25238.3878
2015-01-20 00:00:00 UTC,24938.1064
2015-01-21 00:00:00 UTC,26430.0178
2015-01-22 00:00:00 UTC,27480.9786
2015-01-23 00:00:00 UTC,27451.711
2015-01-24 00:00:00 UTC,29255.2565
2015-01-25 00:00:00 UTC,29875.24
2015-01-26 00:00:00 UTC,32028.4635
2015-01-27 00:00:00 UTC,30615.723
2015-01-29 00:00:00 UTC,27503.82706
2015-01-30 00:00:00 UTC,26904.5533
2015-01-31 00:00:00 UTC,25634.6285
2015-02-01 00:00:00 UTC,26527.2217
2015-02-02 00:00:00 UTC,28235.1811
2015-02-03 00:00:00 UTC,26560.8514
2015-02-04 00:00:00 UTC,26438.9232
2015-02-05 00:00:00 UTC,25483.1274
2015-02-06 00:00:00 UTC,26400.8863
2015-02-07 00:00:00 UTC,27008.8764
2015-02-08 00:00:00 UTC,26546.4425
2015-02-09 00:00:00 UTC,26124.016
2015-02-10 00:00:00 UTC,26324.6481
2015-02-11 00:00:00 UTC,26309.7419
2015-02-12 00:00:00 UTC,26480.28388
2015-02-13 00:00:00 UTC,28031.2486
2015-02-14 00:00:00 UTC,30773.9167
2015-02-15 00:00:00 UTC,27642.9417
2015-02-16 00:00:00 UTC,27964.0505
2015-02-17 00:00:00 UTC,28873.883
2015-02-18 00:00:00 UTC,27851.7028
2015-02-19 00:00:00 UTC,28597.3723
2015-02-20 00:00:00 UTC,29052.4003
2015-02-21 00:00:00 UTC,29043.5496
2015-02-22 00:00:00 UTC,28042.813
2015-02-23 00:00:00 UTC,28314.9219
2015-02-24 00:00:00 UTC,28403.5963
2015-02-25 00:00:00 UTC,28224.9092
2015-02-26 00:00:00 UTC,28168.46517
2015-02-27 00:00:00 UTC,30412.6828
2015-02-28 00:00:00 UTC,30326.1141
2015-03-01 00:00:00 UTC,30841.4801
2015-03-02 00:00:00 UTC,32402.0486
2015-03-03 00:00:00 UTC,33600.6223
2015-03-04 00:00:00 UTC,32566.6902
2015-03-05 00:00:00 UTC,32989.4222
2015-03-06 00:00:00 UTC,32863.5343
2015-03-07 00:00:00 UTC,33269.16026
2015-03-08 00:00:00 UTC,33158.6749
2015-03-09 00:00:00 UTC,35047.4219
2015-03-10 00:00:00 UTC,35157.8781
2015-03-11 00:00:00 UTC,35943.8416
2015-03-12 00:00:00 UTC,35664.3367
2015-03-13 00:00:00 UTC,34960.1423
2015-03-14 00:00:00 UTC,34169.5201
2015-03-15 00:00:00 UTC,34623.3258
2015-03-16 00:00:00 UTC,35203.0343
2015-03-17 00:00:00 UTC,34502.3786
2015-03-18 00:00:00 UTC,30799.9865
2015-03-19 00:00:00 UTC,31425.5807
2015-03-20 00:00:00 UTC,31357.799
2015-03-21 00:00:00 UTC,31185.4669
2015-03-22 00:00:00 UTC,32135.5585
2015-03-23 00:00:00 UTC,31855.9332
2015-03-24 00:00:00 UTC,29303.7327
2015-03-25 00:00:00 UTC,29429.6645
2015-03-26 00:00:00 UTC,29539.4681
2015-03-27 00:00:00 UTC,29440.8903
2015-03-28 00:00:00 UTC,30032.9652
2015-03-29 00:00:00 UTC,28839.3311
2015-03-30 00:00:00 UTC,29562.9015
2015-03-31 00:00:00 UTC,29195.7114
2015-04-01 00:00:00 UTC,29548.23
2015-04-02 00:00:00 UTC,30223.4621
2015-04-03 00:00:00 UTC,30269.8437
2015-04-04 00:00:00 UTC,30222.1422
2015-04-05 00:00:00 UTC,30887.8355
2015-04-06 00:00:00 UTC,30503.6875
2015-04-07 00:00:00 UTC,30397.9845
2015-04-08 00:00:00 UTC,29344.4994
2015-04-09 00:00:00 UTC,29283.99305
2015-04-10 00:00:00 UTC,28185.0574
2015-04-11 00:00:00 UTC,28426.2442
2015-04-12 00:00:00 UTC,28352.0132
2015-04-13 00:00:00 UTC,26905.9728
2015-04-14 00:00:00 UTC,26056.4709
2015-04-15 00:00:00 UTC,26594.1044
2015-04-16 00:00:00 UTC,27156.9764
2015-04-17 00:00:00 UTC,26460.30035
2015-04-18 00:00:00 UTC,26512.3467
2015-04-19 00:00:00 UTC,26483.7419
2015-04-20 00:00:00 UTC,26734.5571
2015-04-21 00:00:00 UTC,28052.6843
2015-04-22 00:00:00 UTC,28019.9761
2015-04-23 00:00:00 UTC,28133.7962
2015-04-24 00:00:00 UTC,27517.1206
2015-04-25 00:00:00 UTC,26895.367
2015-04-26 00:00:00 UTC,25983.4778
2015-04-27 00:00:00 UTC,27220.3003
2015-04-28 00:00:00 UTC,26850.3836
2015-04-29 00:00:00 UTC,26904.4732
2015-04-30 00:00:00 UTC,28195.6933
2015-05-01 00:00:00 UTC,27924.0024
2015-05-02 00:00:00 UTC,28241.2845
2015-05-03 00:00:00 UTC,28834.2476
2015-05-04 00:00:00 UTC,28711.8166
2015-05-05 00:00:00 UTC,28312.7791
2015-05-06 00:00:00 UTC,27483.0028
2015-05-07 00:00:00 UTC,28360.0565
2015-05-08 00:00:00 UTC,29168.2517
2015-05-09 00:00:00 UTC,28932.3823
2015-05-10 00:00:00 UTC,28684.2065
2015-05-11 00:00:00 UTC,29037.8888
2015-05-12 00:00:00 UTC,28961.7378
2015-05-13 00:00:00 UTC,28200.2239
2015-05-14 00:00:00 UTC,28214.7563
2015-05-15 00:00:00 UTC,28261.7031
2015-05-16 00:00:00 UTC,28151.0322
2015-05-17 00:00:00 UTC,28186.9321
2015-05-18 00:00:00 UTC,27865.4208
2015-05-19 00:00:00 UTC,27946.1461
2015-05-20 00:00:00 UTC,28329.1237
2015-05-21 00:00:00 UTC,28496.9679
2015-05-22 00:00:00 UTC,29247.9756
2015-05-23 00:00:00 UTC,29033.56898
2015-05-24 00:00:00 UTC,29320.0342
2015-05-25 00:00:00 UTC,28863.2567
2015-05-26 00:00:00 UTC,29151.1229
2015-05-27 00:00:00 UTC,29289.9253
2015-05-28 00:00:00 UTC,29386.9034
2015-05-29 00:00:00 UTC,29423.0745
2015-05-30 00:00:00 UTC,28971.4789
2015-05-31 00:00:00 UTC,28517.6643
2015-06-01 00:00:00 UTC,27844.3363
2015-06-02 00:00:00 UTC,28024.8055
2015-06-03 00:00:00 UTC,28034.0637
2015-06-04 00:00:00 UTC,27886.3808
2015-06-05 00:00:00 UTC,28172.1024
2015-06-06 00:00:00 UTC,28267.5623
2015-06-07 00:00:00 UTC,28089.5737
2015-06-08 00:00:00 UTC,28538.6355
2015-06-09 00:00:00 UTC,28587.6959
2015-06-10 00:00:00 UTC,28188.6114
2015-06-11 00:00:00 UTC,28391.9684
2015-06-12 00:00:00 UTC,28447.1791
2015-06-13 00:00:00 UTC,28716.4884
2015-06-14 00:00:00 UTC,28819.2172
2015-06-15 00:00:00 UTC,29274.2222
2015-06-16 00:00:00 UTC,30908.0532
2015-06-17 00:00:00 UTC,30582.9261
2015-06-18 00:00:00 UTC,30596.3526
2015-06-19 00:00:00 UTC,29825.1091
2015-06-20 00:00:00 UTC,30136.3653
2015-06-21 00:00:00 UTC,29961.2424
2015-06-22 00:00:00 UTC,30473.6258
2015-06-23 00:00:00 UTC,30174.1918
2015-06-24 00:00:00 UTC,29790.691
2015-06-25 00:00:00 UTC,29988.9332
2015-06-26 00:00:00 UTC,30013.0724
2015-06-27 00:00:00 UTC,31019.1369
2015-06-28 00:00:00 UTC,30482.7005
2015-06-29 00:00:00 UTC,31477.06028
2015-06-30 00:00:00 UTC,32138.77463
2015-07-01 00:00:00 UTC,31683.2504
2015-07-02 00:00:00 UTC,31328.92038
2015-07-03 00:00:00 UTC,31358.9544
2015-07-04 00:00:00 UTC,31986.461
2015-07-05 00:00:00 UTC,33188.91471
2015-07-06 00:00:00 UTC,32937.1074
2015-07-07 00:00:00 UTC,32507.68404
2015-07-08 00:00:00 UTC,32643.82401
2015-07-09 00:00:00 UTC,32731.0516
2015-07-10 00:00:00 UTC,34894.8316
2015-07-11 00:00:00 UTC,35802.09319
2015-07-12 00:00:00 UTC,38038.26131
2015-07-13 00:00:00 UTC,35855.9441
2015-07-14 00:00:00 UTC,35345.7541
2015-07-15 00:00:00 UTC,35148.96655
2015-07-16 00:00:00 UTC,34315.3353
2015-07-17 00:00:00 UTC,34521.9949
2015-07-18 00:00:00 UTC,34055.4069
2015-07-19 00:00:00 UTC,33851.46911
2015-07-20 00:00:00 UTC,34437.9898
2015-07-21 00:00:00 UTC,34085.35411
2015-07-22 00:00:00 UTC,34260.8833
2015-07-23 00:00:00 UTC,34145.647
2015-07-24 00:00:00 UTC,35716.46399
2015-07-25 00:00:00 UTC,35707.15044
2015-07-26 00:00:00 UTC,36118.10815
2015-07-27 00:00:00 UTC,36098.6917
2015-07-28 00:00:00 UTC,36324.14
2015-07-29 00:00:00 UTC,35761.20123
2015-07-30 00:00:00 UTC,35589.3412
2015-07-31 00:00:00 UTC,35161.59238
2015-08-01 00:00:00 UTC,34783.5361
2015-08-02 00:00:00 UTC,34917.2077
2015-08-03 00:00:00 UTC,34935.63295
2015-08-04 00:00:00 UTC,35329.4889
2015-08-05 00:00:00 UTC,35084.2788
2015-08-06 00:00:00 UTC,34668.861
2015-08-07 00:00:00 UTC,34633.41021
2015-08-08 00:00:00 UTC,32297.23071
2015-08-09 00:00:00 UTC,32850.1887
2015-08-10 00:00:00 UTC,32812.6886
2015-08-11 00:00:00 UTC,33726.3805
2015-08-12 00:00:00 UTC,33279.4854
2015-08-13 00:00:00 UTC,32814.52432
2015-08-14 00:00:00 UTC,32957.0115
2015-08-15 00:00:00 UTC,32377.35448
2015-08-16 00:00:00 UTC,32050.5446
2015-08-17 00:00:00 UTC,31970.9173
2015-08-18 00:00:00 UTC,31480.2984
2015-08-19 00:00:00 UTC,28011.7763
2015-08-20 00:00:00 UTC,28999.7925
2015-08-21 00:00:00 UTC,28444.3657
2015-08-22 00:00:00 UTC,28006.4708
2015-08-23 00:00:00 UTC,27679.0368
2015-08-24 00:00:00 UTC,25027.28238
2015-08-25 00:00:00 UTC,26392.6287
2015-08-26 00:00:00 UTC,27055.7719
2015-08-27 00:00:00 UTC,26925.1935
2015-08-28 00:00:00 UTC,28133.7692
2015-08-29 00:00:00 UTC,27771.3779
2015-08-30 00:00:00 UTC,27699.6164
2015-08-31 00:00:00 UTC,27896.4951
2015-09-01 00:00:00 UTC,27228.3583
2015-09-02 00:00:00 UTC,27551.5513
2015-09-03 00:00:00 UTC,27217.253
2015-09-04 00:00:00 UTC,27428.9761
2015-09-05 00:00:00 UTC,27949.9322
2015-09-06 00:00:00 UTC,28485.4185
2015-09-07 00:00:00 UTC,28685.16
2015-09-08 00:00:00 UTC,29182.771
2015-09-09 00:00:00 UTC,28601.985
2015-09-10 00:00:00 UTC,28815.694
2015-09-11 00:00:00 UTC,28945.65326
2015-09-12 00:00:00 UTC,28339.1553
2015-09-13 00:00:00 UTC,27789.8697
2015-09-14 00:00:00 UTC,27705.8434
2015-09-15 00:00:00 UTC,27675.6307
2015-09-16 00:00:00 UTC,27526.8526
2015-09-17 00:00:00 UTC,27976.0916
2015-09-18 00:00:00 UTC,27890.5314
2015-09-19 00:00:00 UTC,27714.7332
2015-09-20 00:00:00 UTC,27711.6742
2015-09-21 00:00:00 UTC,27270.1878
2015-09-22 00:00:00 UTC,27608.8017
2015-09-23 00:00:00 UTC,27633.3804
2015-09-24 00:00:00 UTC,28111.1157
2015-09-25 00:00:00 UTC,28295.7638
2015-09-26 00:00:00 UTC,28277.7806
2015-09-27 00:00:00 UTC,28072.7833
2015-09-28 00:00:00 UTC,28728.5656
2015-09-29 00:00:00 UTC,28432.4806
2015-09-30 00:00:00 UTC,28301.216
2015-10-01 00:00:00 UTC,28494.921
2015-10-02 00:00:00 UTC,28452.6158
2015-10-03 00:00:00 UTC,28652.4382
2015-10-04 00:00:00 UTC,28628.6481
2015-10-05 00:00:00 UTC,28923.8622
2015-10-06 00:00:00 UTC,29614.1223
2015-10-07 00:00:00 UTC,29194.8196
2015-10-08 00:00:00 UTC,29129.0085
2015-10-09 00:00:00 UTC,29345.4891
2015-10-10 00:00:00 UTC,29491.2793
2015-10-11 00:00:00 UTC,29754.6037
2015-10-12 00:00:00 UTC,29488.5088
2015-10-13 00:00:00 UTC,29882.2956
2015-10-14 00:00:00 UTC,30081.2873
2015-10-15 00:00:00 UTC,30303.69682
2015-10-16 00:00:00 UTC,31296.212
2015-10-17 00:00:00 UTC,32228.7821
2015-10-18 00:00:00 UTC,31311.56
2015-10-19 00:00:00 UTC,31568.7983
2015-10-20 00:00:00 UTC,32361.9167
2015-10-21 00:00:00 UTC,32009.2905
2015-10-22 00:00:00 UTC,32976.0785
2015-10-23 00:00:00 UTC,33627.2416
2015-10-24 00:00:00 UTC,34333.3571
2015-10-25 00:00:00 UTC,34561.8096
2015-10-26 00:00:00 UTC,34577.5193
2015-10-27 00:00:00 UTC,35534.8259
2015-10-28 00:00:00 UTC,36747.2438
2015-10-29 00:00:00 UTC,37935.374
2015-10-30 00:00:00 UTC,39317.9078
2015-10-31 00:00:00 UTC,37676.1521
2015-11-01 00:00:00 UTC,39165.5604
2015-11-02 00:00:00 UTC,42336.3419
2015-11-03 00:00:00 UTC,48182.0487
2015-11-04 00:00:00 UTC,48938.8104
2015-11-05 00:00:00 UTC,47126.7909
2015-11-06 00:00:00 UTC,45772.9039
2015-11-07 00:00:00 UTC,47581.6791
2015-11-08 00:00:00 UTC,45801.7762
2015-11-09 00:00:00 UTC,46864.5854
2015-11-10 00:00:00 UTC,41508.9183
2015-11-11 00:00:00 UTC,37608.3086
2015-11-12 00:00:00 UTC,41474.0752
2015-11-13 00:00:00 UTC,41387.9863
2015-11-14 00:00:00 UTC,40655.0169
2015-11-15 00:00:00 UTC,39192.5528
2015-11-16 00:00:00 UTC,40791.1768
2015-11-17 00:00:00 UTC,41317.4104
2015-11-18 00:00:00 UTC,41438.5071
2015-11-19 00:00:00 UTC,40045.4502
2015-11-20 00:00:00 UTC,39502.4392
2015-11-21 00:00:00 UTC,39938.0402
2015-11-22 00:00:00 UTC,39739.6044
2015-11-23 00:00:00 UTC,39663.6162
2015-11-24 00:00:00 UTC,39242.9933
2015-11-25 00:00:00 UTC,40268.0103
2015-11-26 00:00:00 UTC,43774.5495
2015-11-27 00:00:00 UTC,44190.8942
2015-11-28 00:00:00 UTC,43729.7952
2015-11-29 00:00:00 UTC,45613.1526
2015-11-30 00:00:00 UTC,46536.4438
2015-12-01 00:00:00 UTC,44667.4953
2015-12-02 00:00:00 UTC,44198.0786
2015-12-03 00:00:00 UTC,44304.6856
2015-12-04 00:00:00 UTC,44670.403
2015-12-05 00:00:00 UTC,48014.9623
2015-12-06 00:00:00 UTC,48548.1539
2015-12-07 00:00:00 UTC,48629.3733
2015-12-08 00:00:00 UTC,50775.7312
2015-12-09 00:00:00 UTC,50854.9202
2015-12-10 00:00:00 UTC,50781.5588
2015-12-11 00:00:00 UTC,54856.2519
2015-12-12 00:00:00 UTC,52663.491
2015-12-13 00:00:00 UTC,52765.2125
2015-12-14 00:00:00 UTC,53607.4481
2015-12-15 00:00:00 UTC,56499.9825
2015-12-16 00:00:00 UTC,55396.4823
2015-12-17 00:00:00 UTC,55854.2745
2015-12-18 00:00:00 UTC,56319.3228
2015-12-19 00:00:00 UTC,56031.7007
2015-12-20 00:00:00 UTC,53498.0952
2015-12-21 00:00:00 UTC,53060.9631
2015-12-22 00:00:00 UTC,52838.4127
2015-12-23 00:00:00 UTC,53558.8964
2015-12-24 00:00:00 UTC,54797.5068
2015-12-25 00:00:00 UTC,54827.5817
2015-12-26 00:00:00 UTC,50159.8533
2015-12-27 00:00:00 UTC,50968.3328
2015-12-28 00:00:00 UTC,50639.6121
2015-12-29 00:00:00 UTC,52043.7208
2015-12-30 00:00:00 UTC,51403.9843
2015-12-31 00:00:00 UTC,51943.6111
2016-01-01 00:00:00 UTC,52359.3665
2016-01-02 00:00:00 UTC,52335.544
2016-01-03 00:00:00 UTC,51761.4113
2016-01-04 00:00:00 UTC,51813.9447
2016-01-05 00:00:00 UTC,51487.7557
2016-01-06 00:00:00 UTC,51167.8592
2016-01-07 00:00:00 UTC,53787.1354
2016-01-08 00:00:00 UTC,53449.9013
2016-01-09 00:00:00 UTC,52706.4478
2016-01-10 00:00:00 UTC,52265.3626
2016-01-11 00:00:00 UTC,52752.5637
2016-01-12 00:00:00 UTC,52438.5452
2016-01-13 00:00:00 UTC,50847.2563
2016-01-14 00:00:00 UTC,50706.6159
2016-01-15 00:00:00 UTC,42963.9516
2016-01-16 00:00:00 UTC,44963.093
2016-01-17 00:00:00 UTC,45132.0592
2016-01-18 00:00:00 UTC,45162.351
2016-01-19 00:00:00 UTC,44552.8327
2016-01-20 00:00:00 UTC,49045.4673
2016-01-21 00:00:00 UTC,47967.4037
2016-01-22 00:00:00 UTC,44727.5752
2016-01-23 00:00:00 UTC,46235.8132
2016-01-24 00:00:00 UTC,47865.8028
2016-01-25 00:00:00 UTC,46477.2766
2016-01-26 00:00:00 UTC,46538.1948
2016-01-27 00:00:00 UTC,46764.6591
2016-01-28 00:00:00 UTC,45088.6069
2016-01-29 00:00:00 UTC,45704.1381
2016-01-30 00:00:00 UTC,45594.2876
2016-01-31 00:00:00 UTC,44173.7827
2016-02-01 00:00:00 UTC,44904.4563
2016-02-02 00:00:00 UTC,44832.0829
2016-02-03 00:00:00 UTC,43586.1377
2016-02-04 00:00:00 UTC,45586.4349
2016-02-05 00:00:00 UTC,45131.2327
2016-02-06 00:00:00 UTC,43808.3609
2016-02-07 00:00:00 UTC,43870.1877
2016-02-08 00:00:00 UTC,43001.451
2016-02-09 00:00:00 UTC,43156.6035
2016-02-10 00:00:00 UTC,43229.0591
2016-02-11 00:00:00 UTC,42562.9849
2016-02-12 00:00:00 UTC,43267.5914
2016-02-13 00:00:00 UTC,44165.8571
2016-02-14 00:00:00 UTC,45808.5501
2016-02-15 00:00:00 UTC,45637.7561
2016-02-16 00:00:00 UTC,46426.431
2016-02-17 00:00:00 UTC,47557.2478
2016-02-18 00:00:00 UTC,47817.8433
2016-02-19 00:00:00 UTC,47330.9219
2016-02-20 00:00:00 UTC,49701.2992
2016-02-21 00:00:00 UTC,49400.9214
2016-02-22 00:00:00 UTC,49389.9952
2016-02-23 00:00:00 UTC,47187.2208
2016-02-24 00:00:00 UTC,47459.914
2016-02-25 00:00:00 UTC,47693.0963
2016-02-26 00:00:00 UTC,48537.2364
2016-02-27 00:00:00 UTC,49190.1656
2016-02-28 00:00:00 UTC,49315.9145
2016-02-29 00:00:00 UTC,49345.3767
2016-03-01 00:00:00 UTC,49130.1041
2016-03-02 00:00:00 UTC,48113.2949
2016-03-03 00:00:00 UTC,47785.5803
2016-03-04 00:00:00 UTC,46613.486
2016-03-05 00:00:00 UTC,45193.8709
2016-03-06 00:00:00 UTC,46103.9386
2016-03-07 00:00:00 UTC,46957.2141
2016-03-08 00:00:00 UTC,46494.3244
2016-03-09 00:00:00 UTC,46699.9955
2016-03-10 00:00:00 UTC,47074.2176
2016-03-11 00:00:00 UTC,47681.477
2016-03-12 00:00:00 UTC,46750.509
2016-03-13 00:00:00 UTC,46974.3232
2016-03-14 00:00:00 UTC,47184.8413
2016-03-15 00:00:00 UTC,47073.4314
2016-03-16 00:00:00 UTC,47018.3638
2016-03-17 00:00:00 UTC,46785.7815
2016-03-18 00:00:00 UTC,45573.3579
2016-03-19 00:00:00 UTC,45357.9058
2016-03-20 00:00:00 UTC,45909.5799
2016-03-21 00:00:00 UTC,46011.1952
2016-03-22 00:00:00 UTC,46703.7822
2016-03-23 00:00:00 UTC,46962.9876
2016-03-24 00:00:00 UTC,46800.9763
2016-03-25 00:00:00 UTC,46982.2664
2016-03-26 00:00:00 UTC,47121.4709
2016-03-27 00:00:00 UTC,48189.8298
2016-03-28 00:00:00 UTC,47927.4407
2016-03-29 00:00:00 UTC,46915.0477
2016-03-30 00:00:00 UTC,46479.9593
2016-03-31 00:00:00 UTC,46726.5127
2016-04-01 00:00:00 UTC,46588.015
2016-04-02 00:00:00 UTC,46901.5228
2016-04-03 00:00:00 UTC,46703.1459
2016-04-04 00:00:00 UTC,46720.3111
2016-04-05 00:00:00 UTC,46727.9316
2016-04-06 00:00:00 UTC,46361.8931
2016-04-07 00:00:00 UTC,45764.5439
2016-04-08 00:00:00 UTC,45288.1348
2016-04-09 00:00:00 UTC,45015.2357
2016-04-10 00:00:00 UTC,45553.4332
2016-04-11 00:00:00 UTC,45626.1403
2016-04-12 00:00:00 UTC,46238.0373
2016-04-13 00:00:00 UTC,46290.845
2016-04-14 00:00:00 UTC,46449.7406
2016-04-15 00:00:00 UTC,46810.872
2016-04-16 00:00:00 UTC,46902.0309
2016-04-17 00:00:00 UTC,46406.6632
2016-04-18 00:00:00 UTC,46627.6974
2016-04-19 00:00:00 UTC,47610.4311
2016-04-20 00:00:00 UTC,48447.3563
2016-04-21 00:00:00 UTC,49340.3957
2016-04-22 00:00:00 UTC,49827.2539
2016-04-23 00:00:00 UTC,50386.6074
2016-04-24 00:00:00 UTC,51340.5611
2016-04-25 00:00:00 UTC,51163.4607
2016-04-26 00:00:00 UTC,52056.9328
2016-04-27 00:00:00 UTC,49560.3035
2016-04-28 00:00:00 UTC,48882.9301
2016-04-29 00:00:00 UTC,48833.8604
2016-04-30 00:00:00 UTC,47736.6517
2016-05-01 00:00:00 UTC,48252.1455
2016-05-02 00:00:00 UTC,47295.6154
2016-05-03 00:00:00 UTC,48069.5697
2016-05-04 00:00:00 UTC,47755.3428
2016-05-05 00:00:00 UTC,48134.2801
2016-05-06 00:00:00 UTC,49449.1055
2016-05-07 00:00:00 UTC,49176.8153
2016-05-08 00:00:00 UTC,49241.7518
2016-05-09 00:00:00 UTC,49935.4798
2016-05-10 00:00:00 UTC,49081.1672
2016-05-11 00:00:00 UTC,49069.041
2016-05-12 00:00:00 UTC,49537.4387
2016-05-13 00:00:00 UTC,49556.5979
2016-05-14 00:00:00 UTC,49509.99
2016-05-15 00:00:00 UTC,49716.7645
2016-05-16 00:00:00 UTC,49527.719
2016-05-17 00:00:00 UTC,49277.1718
2016-05-18 00:00:00 UTC,49651.8599
2016-05-19 00:00:00 UTC,48199.4173
2016-05-20 00:00:00 UTC,48657.3938
2016-05-21 00:00:00 UTC,48812.1479
2016-05-22 00:00:00 UTC,48339.4836
2016-05-23 00:00:00 UTC,48493.5838
2016-05-24 00:00:00 UTC,49004.31
2016-05-25 00:00:00 UTC,49430.3582
2016-05-26 00:00:00 UTC,49819.1325
2016-05-27 00:00:00 UTC,52218.1556
2016-05-28 00:00:00 UTC,58245.238
2016-05-29 00:00:00 UTC,57825.8312
2016-05-30 00:00:00 UTC,59243.3749
2016-05-31 00:00:00 UTC,58881.3432
2016-06-01 00:00:00 UTC,59225.0016
2016-06-02 00:00:00 UTC,58763.1645
2016-06-03 00:00:00 UTC,61033.1464
2016-06-04 00:00:00 UTC,61289.3466
2016-06-05 00:00:00 UTC,61281.73418
2016-06-06 00:00:00 UTC,62852.7913
2016-06-07 00:00:00 UTC,61957.23437
2016-06-08 00:00:00 UTC,62416.7477
2016-06-09 00:00:00 UTC,61805.7954
2016-06-10 00:00:00 UTC,61918.05087
2016-06-11 00:00:00 UTC,63934.43471
2016-06-12 00:00:00 UTC,71840.2687
2016-06-13 00:00:00 UTC,74819.94151
2016-06-14 00:00:00 UTC,72762.15718
2016-06-15 00:00:00 UTC,73378.5585
2016-06-16 00:00:00 UTC,80168.3831
2016-06-17 00:00:00 UTC,78139.1358
2016-06-18 00:00:00 UTC,78849.48463
2016-06-19 00:00:00 UTC,79909.9653
2016-06-20 00:00:00 UTC,76360.71467
2016-06-21 00:00:00 UTC,69592.55246
2016-06-22 00:00:00 UTC,61937.0756
2016-06-23 00:00:00 UTC,66023.78526
2016-06-24 00:00:00 UTC,68023.90907
2016-06-25 00:00:00 UTC,68324.86165
2016-06-26 00:00:00 UTC,64256.6459
2016-06-27 00:00:00 UTC,66161.1876
2016-06-28 00:00:00 UTC,66275.0885
2016-06-29 00:00:00 UTC,65489.4493
2016-06-30 00:00:00 UTC,69230.9164
2016-07-01 00:00:00 UTC,69520.7133
2016-07-02 00:00:00 UTC,70994.5413
2016-07-03 00:00:00 UTC,68201.57032
2016-07-04 00:00:00 UTC,69593.6828
2016-07-05 00:00:00 UTC,67987.49136
2016-07-06 00:00:00 UTC,68495.7416
2016-07-07 00:00:00 UTC,64356.3046
2016-07-08 00:00:00 UTC,66995.06659
2016-07-09 00:00:00 UTC,65756.81399
2016-07-10 00:00:00 UTC,65460.0368
2016-07-11 00:00:00 UTC,66395.028
2016-07-12 00:00:00 UTC,69953.4991
2016-07-13 00:00:00 UTC,68515.5229
2016-07-14 00:00:00 UTC,69377.3324
2016-07-15 00:00:00 UTC,69807.95566
2016-07-16 00:00:00 UTC,69672.0495
2016-07-17 00:00:00 UTC,71531.0379
2016-07-18 00:00:00 UTC,71506.00757
2016-07-19 00:00:00 UTC,71554.38167
2016-07-20 00:00:00 UTC,71425.5505
2016-07-21 00:00:00 UTC,70554.51957
2016-07-22 00:00:00 UTC,69120.3675
2016-07-23 00:00:00 UTC,69518.348
2016-07-24 00:00:00 UTC,70165.84181
2016-07-25 00:00:00 UTC,69322.57697
2016-07-26 00:00:00 UTC,68421.5949
2016-07-27 00:00:00 UTC,68908.06918
2016-07-28 00:00:00 UTC,68753.58785
2016-07-29 00:00:00 UTC,67463.90415
2016-07-30 00:00:00 UTC,66977.37467
2016-07-31 00:00:00 UTC,63847.30313
2016-08-01 00:00:00 UTC,61992.631
2016-08-02 00:00:00 UTC,52268.97361
2016-08-03 00:00:00 UTC,57514.34555
2016-08-04 00:00:00 UTC,58344.859
2016-08-05 00:00:00 UTC,58578.287
2016-08-06 00:00:00 UTC,59775.8783
2016-08-07 00:00:00 UTC,60504.6204
2016-08-08 00:00:00 UTC,60414.5203
2016-08-09 00:00:00 UTC,59679.3179
2016-08-10 00:00:00 UTC,60058.81351
2016-08-11 00:00:00 UTC,59809.9067
2016-08-12 00:00:00 UTC,59406.7206
2016-08-13 00:00:00 UTC,59238.52587
2016-08-14 00:00:00 UTC,57795.8875
2016-08-15 00:00:00 UTC,57468.98774
2016-08-16 00:00:00 UTC,58092.62875
2016-08-17 00:00:00 UTC,57249.65148
2016-08-18 00:00:00 UTC,57290.93074
2016-08-19 00:00:00 UTC,57457.4676
2016-08-20 00:00:00 UTC,58319.77342
2016-08-21 00:00:00 UTC,58271.15561
2016-08-22 00:00:00 UTC,58709.3141
2016-08-23 00:00:00 UTC,58397.6147
2016-08-24 00:00:00 UTC,58027.88223
2016-08-25 00:00:00 UTC,57923.6493
2016-08-26 00:00:00 UTC,58702.5607
2016-08-27 00:00:00 UTC,57761.9876
2016-08-28 00:00:00 UTC,58450.687
2016-08-29 00:00:00 UTC,58353.43282
2016-08-30 00:00:00 UTC,59207.5931
2016-08-31 00:00:00 UTC,58962.98247
2016-09-01 00:00:00 UTC,58998.0901
2016-09-02 00:00:00 UTC,59594.4136
2016-09-03 00:00:00 UTC,61932.4544
2016-09-04 00:00:00 UTC,63326.5153
2016-09-05 00:00:00 UTC,62806.558
2016-09-06 00:00:00 UTC,62525.896
2016-09-07 00:00:00 UTC,62635.53045
2016-09-08 00:00:00 UTC,63956.9181
2016-09-09 00:00:00 UTC,63758.5955
2016-09-10 00:00:00 UTC,63952.6178
2016-09-11 00:00:00 UTC,62041.07545
2016-09-12 00:00:00 UTC,61809.11687
2016-09-13 00:00:00 UTC,62164.327
2016-09-14 00:00:00 UTC,62236.6685
2016-09-15 00:00:00 UTC,61843.1798
2016-09-16 00:00:00 UTC,62042.27531
2016-09-17 00:00:00 UTC,61891.7835
2016-09-18 00:00:00 UTC,62246.2857
2016-09-19 00:00:00 UTC,62032.28514
2016-09-20 00:00:00 UTC,61850.74745
2016-09-21 00:00:00 UTC,59980.31828
2016-09-22 00:00:00 UTC,60065.0739
2016-09-23 00:00:00 UTC,60745.9449
2016-09-24 00:00:00 UTC,60728.5344
2016-09-25 00:00:00 UTC,60527.5602
2016-09-26 00:00:00 UTC,60887.13976
2016-09-27 00:00:00 UTC,60690.2202
2016-09-28 00:00:00 UTC,60766.8415
2016-09-29 00:00:00 UTC,61092.3121
2016-09-30 00:00:00 UTC,61623.1215
2016-10-01 00:00:00 UTC,62205.37407
2016-10-02 00:00:00 UTC,61891.1524
2016-10-03 00:00:00 UTC,62174.36697
2016-10-04 00:00:00 UTC,62490.003
2016-10-05 00:00:00 UTC,63166.6663
2016-10-06 00:00:00 UTC,63401.7663
2016-10-07 00:00:00 UTC,63525.4386
2016-10-08 00:00:00 UTC,63523.9046
2016-10-09 00:00:00 UTC,63344.2898
2016-10-10 00:00:00 UTC,63602.0786
2016-10-11 00:00:00 UTC,66268.1145
2016-10-12 00:00:00 UTC,66214.7526
2016-10-13 00:00:00 UTC,65826.85213
2016-10-14 00:00:00 UTC,66440.4766
2016-10-15 00:00:00 UTC,66353.1244
2016-10-16 00:00:00 UTC,66707.4875
2016-10-17 00:00:00 UTC,66231.0525
2016-10-18 00:00:00 UTC,66043.4329
2016-10-19 00:00:00 UTC,65029.6454
2016-10-20 00:00:00 UTC,65307.5137
2016-10-21 00:00:00 UTC,65355.5501
2016-10-22 00:00:00 UTC,67703.2464
2016-10-23 00:00:00 UTC,67520.1368
2016-10-24 00:00:00 UTC,67614.9987
2016-10-25 00:00:00 UTC,67975.4334
2016-10-26 00:00:00 UTC,70383.103
2016-10-27 00:00:00 UTC,71805.7075
2016-10-28 00:00:00 UTC,72008.2348
2016-10-29 00:00:00 UTC,74986.2369
2016-10-30 00:00:00 UTC,72806.07814
2016-10-31 00:00:00 UTC,73216.7474
2016-11-01 00:00:00 UTC,75969.8178
2016-11-02 00:00:00 UTC,76067.586
2016-11-03 00:00:00 UTC,70635.0356
2016-11-04 00:00:00 UTC,72378.0377
2016-11-05 00:00:00 UTC,72589.3617
2016-11-06 00:00:00 UTC,73880.534
2016-11-07 00:00:00 UTC,73599.7545
2016-11-08 00:00:00 UTC,74355.2587
2016-11-09 00:00:00 UTC,76057.4693
2016-11-10 00:00:00 UTC,75724.57806
2016-11-11 00:00:00 UTC,76219.0007
2016-11-12 00:00:00 UTC,75040.5053
2016-11-13 00:00:00 UTC,75016.69212
2016-11-14 00:00:00 UTC,76197.6652
2016-11-15 00:00:00 UTC,77467.49776
2016-11-16 00:00:00 UTC,80621.84718
2016-11-17 00:00:00 UTC,81252.8858
2016-11-18 00:00:00 UTC,82751.3204
2016-11-19 00:00:00 UTC,83157.96803
2016-11-20 00:00:00 UTC,80814.7552
2016-11-21 00:00:00 UTC,81547.4528
2016-11-22 00:00:00 UTC,83094.5076
2016-11-23 00:00:00 UTC,83109.8588
2016-11-24 00:00:00 UTC,83212.84833
2016-11-25 00:00:00 UTC,83535.96631
2016-11-26 00:00:00 UTC,82963.2782
2016-11-27 00:00:00 UTC,82204.2075
2016-11-28 00:00:00 UTC,82065.01087
2016-11-29 00:00:00 UTC,82281.787
2016-11-30 00:00:00 UTC,84616.6468
2016-12-01 00:00:00 UTC,85797.889
2016-12-02 00:00:00 UTC,87648.9325
2016-12-03 00:00:00 UTC,86860.25989
2016-12-04 00:00:00 UTC,86723.5886
2016-12-05 00:00:00 UTC,85580.236
2016-12-06 00:00:00 UTC,86480.6447
2016-12-07 00:00:00 UTC,86861.8715
2016-12-08 00:00:00 UTC,87642.4979
2016-12-09 00:00:00 UTC,88537.0533
2016-12-10 00:00:00 UTC,89057.00851
2016-12-11 00:00:00 UTC,88649.6527
2016-12-12 00:00:00 UTC,89491.9294
2016-12-13 00:00:00 UTC,89698.6953
2016-12-14 00:00:00 UTC,90589.5815
2016-12-15 00:00:00 UTC,91227.6443
2016-12-16 00:00:00 UTC,92151.2128
2016-12-17 00:00:00 UTC,93026.5103
2016-12-18 00:00:00 UTC,92931.9068
2016-12-19 00:00:00 UTC,92525.7375
2016-12-20 00:00:00 UTC,94275.5867
2016-12-21 00:00:00 UTC,97096.51568
2016-12-22 00:00:00 UTC,101022.2348
2016-12-23 00:00:00 UTC,107635.7815
2016-12-24 00:00:00 UTC,104617.3911
2016-12-25 00:00:00 UTC,104840.6478
2016-12-26 00:00:00 UTC,105697.7867
2016-12-27 00:00:00 UTC,109094.2813
2016-12-28 00:00:00 UTC,114391.6622
2016-12-29 00:00:00 UTC,113258.2366
2016-12-30 00:00:00 UTC,112334.1997
2016-12-31 00:00:00 UTC,113057.7696
2017-01-01 00:00:00 UTC,116761.1212
2017-01-02 00:00:00 UTC,119549.4193
2017-01-03 00:00:00 UTC,121819.4355
2017-01-04 00:00:00 UTC,132619.309
2017-01-05 00:00:00 UTC,114367.9418
2017-01-06 00:00:00 UTC,104557.0981
2017-01-07 00:00:00 UTC,105301.1106
2017-01-08 00:00:00 UTC,106404.0418
2017-01-09 00:00:00 UTC,104616.022
2017-01-10 00:00:00 UTC,104946.1824
2017-01-11 00:00:00 UTC,90513.7502
2017-01-12 00:00:00 UTC,91774.1435
2017-01-13 00:00:00 UTC,94392.7399
2017-01-14 00:00:00 UTC,93674.1475
2017-01-15 00:00:00 UTC,94046.776
2017-01-16 00:00:00 UTC,94489.7446
2017-01-17 00:00:00 UTC,101969.4836
2017-01-18 00:00:00 UTC,100114.3776
2017-01-19 00:00:00 UTC,103195.5317
2017-01-20 00:00:00 UTC,102156.7165
2017-01-21 00:00:00 UTC,105386.4931
2017-01-22 00:00:00 UTC,105104.6171
2017-01-23 00:00:00 UTC,103493.6166
2017-01-24 00:00:00 UTC,100856.793
2017-01-25 00:00:00 UTC,101259.0177
2017-01-26 00:00:00 UTC,104846.0509
2017-01-27 00:00:00 UTC,105686.1674
2017-01-28 00:00:00 UTC,105897.1905
2017-01-29 00:00:00 UTC,105026.0823
2017-01-30 00:00:00 UTC,104753.0686
2017-01-31 00:00:00 UTC,109189.2011
2017-02-01 00:00:00 UTC,111755.3466
2017-02-02 00:00:00 UTC,113819.8402
2017-02-03 00:00:00 UTC,114310.903
2017-02-04 00:00:00 UTC,116495.271
2017-02-05 00:00:00 UTC,114517.2956
2017-02-06 00:00:00 UTC,114542.307
2017-02-07 00:00:00 UTC,118080.7377
2017-02-08 00:00:00 UTC,118023.8332
2017-02-09 00:00:00 UTC,111221.7794
2017-02-10 00:00:00 UTC,112422.3663
2017-02-11 00:00:00 UTC,114439.3389
2017-02-12 00:00:00 UTC,113715.1098
2017-02-13 00:00:00 UTC,113319.4383
2017-02-14 00:00:00 UTC,115481.2885
2017-02-15 00:00:00 UTC,115291.6507
2017-02-16 00:00:00 UTC,117235.5976
2017-02-17 00:00:00 UTC,119233.6495
2017-02-18 00:00:00 UTC,119504.4005
2017-02-19 00:00:00 UTC,119008.7458
2017-02-20 00:00:00 UTC,122521.2426
2017-02-21 00:00:00 UTC,127965.1694
2017-02-22 00:00:00 UTC,127284.4978
2017-02-23 00:00:00 UTC,133659.9762
2017-02-24 00:00:00 UTC,132472.0525
2017-02-25 00:00:00 UTC,128899.3483
2017-02-26 00:00:00 UTC,132522.9462
2017-02-27 00:00:00 UTC,134519.5427
2017-02-28 00:00:00 UTC,134325.2825
2017-03-01 00:00:00 UTC,139667.9181
2017-03-02 00:00:00 UTC,144358.5931
2017-03-03 00:00:00 UTC,147056.3364
2017-03-04 00:00:00 UTC,144706.3942
2017-03-05 00:00:00 UTC,145610.0141
2017-03-06 00:00:00 UTC,145958.7829
2017-03-07 00:00:00 UTC,140560.4268
2017-03-08 00:00:00 UTC,131570.3527
2017-03-09 00:00:00 UTC,137103.5586
2017-03-10 00:00:00 UTC,126492.8086
2017-03-11 00:00:00 UTC,135579.7264
2017-03-12 00:00:00 UTC,141394.2162
2017-03-13 00:00:00 UTC,142916.2068
2017-03-14 00:00:00 UTC,143006.0524
2017-03-15 00:00:00 UTC,142760.3704
2017-03-16 00:00:00 UTC,137571.1792
2017-03-17 00:00:00 UTC,120739.9892
2017-03-18 00:00:00 UTC,108427.5433
2017-03-19 00:00:00 UTC,115382.6357
2017-03-20 00:00:00 UTC,116653.9719
2017-03-21 00:00:00 UTC,124066.7628
2017-03-22 00:00:00 UTC,115727.6049
2017-03-23 00:00:00 UTC,114270.7098
2017-03-24 00:00:00 UTC,104657.5192
2017-03-25 00:00:00 UTC,107475.5101
2017-03-26 00:00:00 UTC,105534.0849
2017-03-27 00:00:00 UTC,115335.2985
2017-03-28 00:00:00 UTC,116096.4806
2017-03-29 00:00:00 UTC,115391.9702
2017-03-30 00:00:00 UTC,115298.7833
2017-03-31 00:00:00 UTC,120117.8909
2017-04-01 00:00:00 UTC,120868.1595
2017-04-02 00:00:00 UTC,122269.0688
2017-04-03 00:00:00 UTC,126306.9715
2017-04-04 00:00:00 UTC,126373.1147
2017-04-05 00:00:00 UTC,125113.5805
2017-04-06 00:00:00 UTC,132376.7568
2017-04-07 00:00:00 UTC,132161.412
2017-04-08 00:00:00 UTC,131332.573
2017-04-09 00:00:00 UTC,131926.6555
2017-04-10 00:00:00 UTC,134033.9636
2017-04-11 00:00:00 UTC,134527.7326
2017-04-12 00:00:00 UTC,132865.3158
2017-04-13 00:00:00 UTC,128180.0627
2017-04-14 00:00:00 UTC,128510.1293
2017-04-15 00:00:00 UTC,128226.3278
2017-04-16 00:00:00 UTC,128795.461
2017-04-17 00:00:00 UTC,131423.6536
2017-04-18 00:00:00 UTC,132048.2123
2017-04-19 00:00:00 UTC,133502.5086
2017-04-20 00:00:00 UTC,137176.0831
2017-04-21 00:00:00 UTC,136904.2646
2017-04-22 00:00:00 UTC,136320.2508
2017-04-23 00:00:00 UTC,137317.4514
2017-04-24 00:00:00 UTC,137263.4536
2017-04-25 00:00:00 UTC,140180.7846
2017-04-26 00:00:00 UTC,143149.98
2017-04-27 00:00:00 UTC,148120.1557
2017-04-28 00:00:00 UTC,147299.187
2017-04-29 00:00:00 UTC,148084.9569
2017-04-30 00:00:00 UTC,150212.9499
2017-05-01 00:00:00 UTC,157502.8847
2017-05-02 00:00:00 UTC,161490.6943
2017-05-03 00:00:00 UTC,167462.4081
2017-05-04 00:00:00 UTC,168717.6597
2017-05-05 00:00:00 UTC,169535.1187
2017-05-06 00:00:00 UTC,174600.2135
2017-05-07 00:00:00 UTC,175854.7434
2017-05-08 00:00:00 UTC,185137.7875
2017-05-09 00:00:00 UTC,193351.8016
2017-05-10 00:00:00 UTC,199694.1389
2017-05-11 00:00:00 UTC,205788.8484
2017-05-12 00:00:00 UTC,192825.0822
2017-05-13 00:00:00 UTC,198602.3888
2017-05-14 00:00:00 UTC,200304.5363
2017-05-15 00:00:00 UTC,192755.5612
2017-05-16 00:00:00 UTC,193591.1857
2017-05-17 00:00:00 UTC,200186.721
2017-05-18 00:00:00 UTC,210657.1111
2017-05-19 00:00:00 UTC,219435.9386
2017-05-20 00:00:00 UTC,227398.677
2017-05-21 00:00:00 UTC,228539.4544
2017-05-22 00:00:00 UTC,234354.5638
2017-05-23 00:00:00 UTC,256283.6176
2017-05-24 00:00:00 UTC,273247.0702
2017-05-25 00:00:00 UTC,266551.8104
2017-05-26 00:00:00 UTC,252054.3977
2017-05-27 00:00:00 UTC,231752.3696
2017-05-28 00:00:00 UTC,246871.993
2017-05-29 00:00:00 UTC,254297.5826
2017-05-30 00:00:00 UTC,240321.1448
2017-05-31 00:00:00 UTC,258143.3026
2017-06-01 00:00:00 UTC,271345.207
2017-06-02 00:00:00 UTC,277558.1363
2017-06-03 00:00:00 UTC,282893.5075
2017-06-04 00:00:00 UTC,282241.5871
2017-06-05 00:00:00 UTC,300649.9079
2017-06-06 23:29:55 UTC,317564.9463
2017-06-07 00:00:00 UTC,298012.4022
2017-06-08 23:39:21 UTC,310712.1213
2017-06-09 00:00:00 UTC,310764.3943
2017-06-10 00:00:00 UTC,324043.5367
2017-06-11 00:00:00 UTC,332552.9284
2017-06-12 00:00:00 UTC,297000.9087
2017-06-13 00:00:00 UTC,300967.1613
2017-06-14 00:00:00 UTC,273736.9156
2017-06-15 00:00:00 UTC,271010.0177
2017-06-16 00:00:00 UTC,278718.7223
2017-06-17 00:00:00 UTC,297540.9728
2017-06-18 00:00:00 UTC,285692.0683
2017-06-19 00:00:00 UTC,292521.0583
2017-06-20 00:00:00 UTC,309389.2175
2017-06-21 00:00:00 UTC,302584.4851
2017-06-22 00:00:00 UTC,303243.2181
2017-06-23 00:00:00 UTC,304677.8463
2017-06-24 00:00:00 UTC,291420.9846
2017-06-25 00:00:00 UTC,289936.6325
2017-06-26 00:00:00 UTC,278346.0509
2017-06-27 00:00:00 UTC,284123.2524
2017-06-28 00:00:00 UTC,289317.7898
2017-06-29 00:00:00 UTC,287243.9588
2017-06-30 00:00:00 UTC,279973.1458
2017-07-01 00:00:00 UTC,274248.03
2017-07-02 00:00:00 UTC,282776.8537
2017-07-03 00:00:00 UTC,292007.4769
2017-07-04 00:00:00 UTC,295188.6346
2017-07-05 00:00:00 UTC,294926.3661
2017-07-06 00:00:00 UTC,295542.2929
2017-07-07 00:00:00 UTC,285800.8951
2017-07-08 00:00:00 UTC,291978.7273
2017-07-09 00:00:00 UTC,287230.4603
2017-07-10 00:00:00 UTC,269592.0527
2017-07-11 00:00:00 UTC,268119.9661
2017-07-12 00:00:00 UTC,270488.2205
2017-07-13 00:00:00 UTC,268028.916
2017-07-14 00:00:00 UTC,250841.8117
2017-07-15 00:00:00 UTC,228845.4397
2017-07-16 00:00:00 UTC,216940.2867
2017-07-17 00:00:00 UTC,245630.6265
2017-07-18 00:00:00 UTC,258213.0069
2017-07-19 00:00:00 UTC,254513.981
2017-07-20 00:00:00 UTC,309562.7699
2017-07-21 00:00:00 UTC,295406.4844
2017-07-22 00:00:00 UTC,311437.5312
2017-07-23 00:00:00 UTC,303531.057
2017-07-24 00:00:00 UTC,305648.0631
2017-07-25 00:00:00 UTC,286826.2878
2017-07-26 00:00:00 UTC,278622.1169
2017-07-27 00:00:00 UTC,294714.4968
2017-07-28 00:00:00 UTC,309742.2419
2017-07-29 00:00:00 UTC,301029.6372
2017-07-30 00:00:00 UTC,302909.5668
2017-07-31 00:00:00 UTC,316719.5491
2017-08-01 00:00:00 UTC,302181.1349
2017-08-02 00:00:00 UTC,298692.8999
2017-08-03 00:00:00 UTC,305407.8429
2017-08-04 00:00:00 UTC,315040.8159
2017-08-05 00:00:00 UTC,358343.7259
2017-08-06 00:00:00 UTC,353374.0314
2017-08-07 00:00:00 UTC,371772.387
2017-08-08 00:00:00 UTC,375534.8897
2017-08-09 00:00:00 UTC,366219.8916
2017-08-10 00:00:00 UTC,367631.15
2017-08-11 00:00:00 UTC,388981.134
2017-08-12 00:00:00 UTC,414918.3541
2017-08-13 00:00:00 UTC,439109.4567
2017-08-14 00:00:00 UTC,458247.7072
2017-08-15 00:00:00 UTC,459056.6999
2017-08-16 00:00:00 UTC,469283.5684
2017-08-17 00:00:00 UTC,471965.317
2017-08-18 00:00:00 UTC,447512.3642
2017-08-19 00:00:00 UTC,449424.5174
2017-08-20 00:00:00 UTC,437716.1669
2017-08-21 00:00:00 UTC,429062.8564
2017-08-22 00:00:00 UTC,439691.243
2017-08-23 00:00:00 UTC,443295.7739
2017-08-24 00:00:00 UTC,456642.1716
2017-08-25 00:00:00 UTC,459657.1834
2017-08-26 00:00:00 UTC,451050.5101
2017-08-27 00:00:00 UTC,449807.4719
2017-08-28 00:00:00 UTC,458070.0669
2017-08-29 00:00:00 UTC,481468.5159
2017-08-30 00:00:00 UTC,502445.6093
2017-08-31 00:00:00 UTC,517720.7659
2017-09-01 00:00:00 UTC,536191.3496
2017-09-02 00:00:00 UTC,502387.6879
2017-09-03 00:00:00 UTC,508880.6195
2017-09-04 00:00:00 UTC,473836.9775
2017-09-05 00:00:00 UTC,482874.7179
2017-09-06 00:00:00 UTC,501482.3408
2017-09-07 00:00:00 UTC,496715.4988
2017-09-08 00:00:00 UTC,462052.546
2017-09-09 00:00:00 UTC,457833.5588
2017-09-10 00:00:00 UTC,447253.4982
2017-09-11 00:00:00 UTC,455476.119
2017-09-12 00:00:00 UTC,455456.411
2017-09-13 00:00:00 UTC,429205.0373
2017-09-14 00:00:00 UTC,341163.0586
2017-09-15 00:00:00 UTC,397673.2639
2017-09-16 00:00:00 UTC,399773.637
2017-09-17 00:00:00 UTC,395097.2557
2017-09-18 00:00:00 UTC,447501.1946
2017-09-19 00:00:00 UTC,434749.7426
2017-09-20 00:00:00 UTC,434184.5713
2017-09-21 00:00:00 UTC,407996.9565
2017-09-22 00:00:00 UTC,405633.7898
2017-09-23 00:00:00 UTC,421449.3897
2017-09-24 00:00:00 UTC,412992.1508
2017-09-25 00:00:00 UTC,432214.8886
2017-09-26 00:00:00 UTC,432685.2163
2017-09-27 00:00:00 UTC,466657.8706
2017-09-28 00:00:00 UTC,464934.7336
2017-09-29 00:00:00 UTC,464735.7366
2017-09-30 00:00:00 UTC,483568.1224
2017-10-01 00:00:00 UTC,489773.2218
2017-10-02 00:00:00 UTC,494272.5574
2017-10-03 00:00:00 UTC,487391.8439
2017-10-04 00:00:00 UTC,477494.2869
2017-10-05 00:00:00 UTC,483949.6098
2017-10-06 00:00:00 UTC,489759.8916
2017-10-07 00:00:00 UTC,496247.1001
2017-10-08 00:00:00 UTC,513479.1199
2017-10-09 00:00:00 UTC,536189.755
2017-10-10 00:00:00 UTC,536003.4032
2017-10-11 00:00:00 UTC,540559.6492
2017-10-12 00:00:00 UTC,598585.8498
2017-10-13 00:00:00 UTC,627449.5028
2017-10-14 00:00:00 UTC,635078.354
2017-10-15 00:00:00 UTC,636160.4466
2017-10-16 00:00:00 UTC,642799.6603
2017-10-17 00:00:00 UTC,633431.939
2017-10-18 00:00:00 UTC,632222.0846
2017-10-19 00:00:00 UTC,641230.1198
2017-10-20 00:00:00 UTC,675785.3921
2017-10-21 00:00:00 UTC,686038.5757
2017-10-22 00:00:00 UTC,684919.0756
2017-10-23 00:00:00 UTC,675909.5274
2017-10-24 00:00:00 UTC,632457.3006
2017-10-25 00:00:00 UTC,648207.6015
2017-10-26 00:00:00 UTC,670739.1963
2017-10-27 00:00:00 UTC,656531.8569
2017-10-28 00:00:00 UTC,651847.3998
2017-10-29 00:00:00 UTC,696257.2317
2017-10-30 00:00:00 UTC,690466.6438
2017-10-31 00:00:00 UTC,723939.8788
2017-11-01 00:00:00 UTC,766637.5308
2017-11-02 00:00:00 UTC,804993.6406
2017-11-03 00:00:00 UTC,825085.7388
2017-11-04 00:00:00 UTC,843075.306
2017-11-05 00:00:00 UTC,846872.9077
2017-11-06 00:00:00 UTC,808175.7043
2017-11-07 00:00:00 UTC,814855.5078
2017-11-08 00:00:00 UTC,850216.2518
2017-11-09 00:00:00 UTC,814468.9289
2017-11-10 00:00:00 UTC,755717.7262
2017-11-11 00:00:00 UTC,722631.7912
2017-11-12 00:00:00 UTC,666820.7401
2017-11-13 00:00:00 UTC,729734.0262
2017-11-14 00:00:00 UTC,754434.8535
2017-11-15 00:00:00 UTC,823235.1454
2017-11-16 00:00:00 UTC,883467.7193
2017-11-17 00:00:00 UTC,872418.3572
2017-11-18 00:00:00 UTC,877360.0733
2017-11-19 00:00:00 UTC,897012.9296
2017-11-20 00:00:00 UTC,925406.5716
2017-11-21 00:00:00 UTC,912458.1675
2017-11-22 00:00:00 UTC,918671.0903
2017-11-23 00:00:00 UTC,903093.0578
2017-11-24 00:00:00 UTC,923483.174
2017-11-25 00:00:00 UTC,975107.0791
2017-11-26 00:00:00 UTC,1043428.086
2017-11-27 00:00:00 UTC,1092426.168
2017-11-28 00:00:00 UTC,1144827.471
2017-11-29 00:00:00 UTC,1106666.607
2017-11-30 00:00:00 UTC,1171869.663
2017-12-01 00:00:00 UTC,1232895.503
2017-12-02 00:00:00 UTC,1251600.362
2017-12-03 00:00:00 UTC,1269669.665
2017-12-04 00:00:00 UTC,1308947.442
2017-12-05 00:00:00 UTC,1369994.729
2017-12-06 00:00:00 UTC,1557966.203
2017-12-07 00:00:00 UTC,2092904.044
2017-12-08 00:00:00 UTC,1918635.862
2017-12-09 00:00:00 UTC,1732250.87
2017-12-10 00:00:00 UTC,1795401.557
2017-12-11 00:00:00 UTC,1942400.893
2017-12-12 00:00:00 UTC,1958752.58
2017-12-13 00:00:00 UTC,1861807.908
2017-12-14 00:00:00 UTC,1895236.584
2017-12-15 00:00:00 UTC,2024124.121
2017-12-16 00:00:00 UTC,2214028.488
2017-12-17 00:00:00 UTC,2188875.62
2017-12-18 00:00:00 UTC,2160079.184
2017-12-19 00:00:00 UTC,2052972.591
2017-12-20 00:00:00 UTC,1932006.766
2017-12-21 00:00:00 UTC,1853306.086
2017-12-22 00:00:00 UTC,1595458.544
2017-12-23 00:00:00 UTC,1726680.507
2017-12-24 00:00:00 UTC,1637528.045
2017-12-25 00:00:00 UTC,1620337.513
2017-12-26 00:00:00 UTC,1881252.12
2017-12-27 00:00:00 UTC,1853997.65
2017-12-28 00:00:00 UTC,1700864.495
2017-12-29 00:00:00 UTC,1700725.548
2017-12-30 00:00:00 UTC,1535062.454
2017-12-31 00:00:00 UTC,1485081.434
