snapped_at,pUSD
2007/4/2,117.84
2007/4/3,117.84
2007/4/4,118.92
2007/4/5,118.72
2007/4/6,118.72
2007/4/9,119.28
2007/4/10,119.34
2007/4/11,119.06
2007/4/12,119.38
2007/4/13,119.16
2007/4/16,119.21
2007/4/17,119.75
2007/4/18,118.9
2007/4/19,118.66
2007/4/20,118.47
2007/4/23,118.67
2007/4/24,118.66
2007/4/25,118.59
2007/4/26,118.71
2007/4/27,119.56
2007/4/30,119.6
2007/5/1,119.47
2007/5/2,119.86
2007/5/3,120.15
2007/5/4,120.44
2007/5/7,120.16
2007/5/8,120.09
2007/5/9,120.03
2007/5/10,120.06
2007/5/11,119.89
2007/5/14,120.21
2007/5/15,120.35
2007/5/16,120.27
2007/5/17,120.83
2007/5/18,121.31
2007/5/21,121.12
2007/5/22,121.46
2007/5/23,121.56
2007/5/24,121.63
2007/5/25,121.39
2007/5/28,121.77
2007/5/29,121.71
2007/5/30,121.66
2007/5/31,121.65
2007/6/1,121.71
2007/6/4,122.04
2007/6/5,121.77
2007/6/6,121.39
2007/6/7,121.09
2007/6/8,120.97
2007/6/11,121.67
2007/6/12,121.72
2007/6/13,121.69
2007/6/14,122.71
2007/6/15,122.93
2007/6/18,123.54
2007/6/19,123.68
2007/6/20,123.37
2007/6/21,123.53
2007/6/22,123.72
2007/6/25,123.9
2007/6/26,123.66
2007/6/27,123.26
2007/6/28,122.83
2007/6/29,123.18
2007/7/2,123.12
2007/7/3,122.43
2007/7/4,122.47
2007/7/5,122.71
2007/7/6,122.94
2007/7/9,123.47
2007/7/10,123.41
2007/7/11,121.74
2007/7/12,122.46
2007/7/13,122.42
2007/7/16,122.11
2007/7/17,121.9
2007/7/18,122.34
2007/7/19,121.95
2007/7/20,122.01
2007/7/23,121.35
2007/7/24,121.09
2007/7/25,120.25
2007/7/26,120.5
2007/7/27,118.69
2007/7/30,118.34
2007/7/31,119.06
2007/8/1,118.62
2007/8/2,118.93
2007/8/3,119.21
2007/8/6,117.56
2007/8/7,118.88
2007/8/8,118.84
2007/8/9,119.71
2007/8/10,118.16
2007/8/13,118.39
2007/8/14,118.24
2007/8/15,117.58
2007/8/16,116.61
2007/8/17,113.89
2007/8/20,113.97
2007/8/21,114.88
2007/8/22,114.44
2007/8/23,115.31
2007/8/24,116.19
2007/8/27,116.71
2007/8/28,115.87
2007/8/29,114.28
2007/8/30,116.15
2007/8/31,115.85
2007/9/3,115.91
2007/9/4,115.97
2007/9/5,116.34
2007/9/6,115.25
2007/9/7,115.38
2007/9/10,112.71
2007/9/11,113.72
2007/9/12,114.27
2007/9/13,114.22
2007/9/14,115.09
2007/9/17,115.22
2007/9/18,115.12
2007/9/19,116.07
2007/9/20,116.09
2007/9/21,114.73
2007/9/24,115.34
2007/9/25,114.87
2007/9/26,114.78
2007/9/27,115.56
2007/9/28,115.63
2007/10/1,114.84
2007/10/2,115.75
2007/10/3,115.74
2007/10/4,116.72
2007/10/5,116.45
2007/10/8,116.97
2007/10/9,117.41
2007/10/10,117.13
2007/10/11,117.22
2007/10/12,117.29
2007/10/15,117.56
2007/10/16,117.39
2007/10/17,116.91
2007/10/18,116.66
2007/10/19,115.63
2007/10/22,113.73
2007/10/23,114.56
2007/10/24,114.78
2007/10/25,114.27
2007/10/26,114.18
2007/10/29,114.12
2007/10/30,114.66
2007/10/31,114.64
2007/11/1,115.44
2007/11/2,114.68
2007/11/5,114.62
2007/11/6,114.54
2007/11/7,114.72
2007/11/8,112.63
2007/11/9,112.6
2007/11/12,110.47
2007/11/13,109.41
2007/11/14,110.91
2007/11/15,111.32
2007/11/16,110.29
2007/11/19,110.81
2007/11/20,109.77
2007/11/21,109.98
2007/11/22,108.41
2007/11/23,108.44
2007/11/26,108.47
2007/11/27,107.41
2007/11/28,108.97
2007/11/29,110.03
2007/11/30,109.94
2007/12/3,110.97
2007/12/4,110.47
2007/12/5,109.88
2007/12/6,110.9
2007/12/7,111.33
2007/12/10,111.63
2007/12/11,111.7
2007/12/12,110.67
2007/12/13,112.2
2007/12/14,112.22
2007/12/17,113.31
2007/12/18,112.94
2007/12/19,113.4
2007/12/20,113.43
2007/12/21,113.16
2007/12/24,114.03
2007/12/25,114.29
2007/12/26,114.16
2007/12/27,114.25
2007/12/28,113.72
2008/1/2,111.72
2008/1/3,109.66
2008/1/4,109.45
2008/1/7,108.64
2008/1/8,109.18
2008/1/9,108.9
2008/1/10,110.04
2008/1/11,109.34
2008/1/14,108.78
2008/1/15,108.16
2008/1/16,106.78
2008/1/17,107.62
2008/1/18,106.54
2008/1/21,106.84
2008/1/22,106
2008/1/23,106.44
2008/1/24,106.72
2008/1/25,107.18
2008/1/28,106.81
2008/1/29,106.9
2008/1/30,107.12
2008/1/31,106.25
2008/2/1,106.43
2008/2/4,106.66
2008/2/5,106.72
2008/2/6,106.82
2008/2/7,106.53
2008/2/8,107.48
2008/2/11,107.53
2008/2/12,106.97
2008/2/13,107.31
2008/2/14,108.31
2008/2/15,107.85
2008/2/18,107.81
2008/2/19,108.22
2008/2/20,107.78
2008/2/21,108.12
2008/2/22,107.41
2008/2/25,107.27
2008/2/26,108.06
2008/2/27,107.28
2008/2/28,106.48
2008/2/29,105.37
2008/3/3,103.21
2008/3/4,103.49
2008/3/5,103.37
2008/3/6,104.02
2008/3/7,102.68
2008/3/10,102.13
2008/3/11,101.75
2008/3/12,103.42
2008/3/13,101.78
2008/3/14,100.65
2008/3/17,98.72
2008/3/18,97.33
2008/3/19,99.85
2008/3/20,99.05
2008/3/21,99.49
2008/3/24,99.53
2008/3/25,100.75
2008/3/26,99.98
2008/3/27,99.2
2008/3/28,99.66
2008/3/31,98.96
2008/4/1,99.69
2008/4/2,101.84
2008/4/3,102.36
2008/4/4,102.27
2008/4/7,101.63
2008/4/8,102.41
2008/4/9,102.66
2008/4/10,101.81
2008/4/11,101.94
2008/4/14,101.23
2008/4/15,101.1
2008/4/16,101.82
2008/4/17,101.83
2008/4/18,102.48
2008/4/21,104.03
2008/4/22,103.27
2008/4/23,103.03
2008/4/24,103.38
2008/4/25,104.28
2008/4/28,104.47
2008/4/29,104.19
2008/4/30,104.02
2008/5/1,103.87
2008/5/2,104.43
2008/5/5,105.31
2008/5/6,104.85
2008/5/7,104.77
2008/5/8,104.73
2008/5/9,103.73
2008/5/12,102.88
2008/5/13,103.75
2008/5/14,104.75
2008/5/15,105.05
2008/5/16,104.75
2008/5/19,104.11
2008/5/20,104.33
2008/5/21,103.67
2008/5/22,103.06
2008/5/23,104.07
2008/5/26,103.4
2008/5/27,103.42
2008/5/28,104.24
2008/5/29,104.69
2008/5/30,105.5
2008/6/2,105.41
2008/6/3,104.43
2008/6/4,105.09
2008/6/5,105.22
2008/6/6,105.96
2008/6/9,104.66
2008/6/10,106.3
2008/6/11,107.44
2008/6/12,106.97
2008/6/13,107.96
2008/6/16,108.24
2008/6/17,108.22
2008/6/18,107.93
2008/6/19,107.88
2008/6/20,108
2008/6/23,107.44
2008/6/24,107.84
2008/6/25,107.82
2008/6/26,107.81
2008/6/27,106.81
2008/6/30,106.26
2008/7/1,106.22
2008/7/2,106.13
2008/7/3,105.94
2008/7/4,106.73
2008/7/7,106.77
2008/7/8,107.19
2008/7/9,107.5
2008/7/10,106.76
2008/7/11,107.07
2008/7/14,106.47
2008/7/15,106.15
2008/7/16,104.73
2008/7/17,105.13
2008/7/18,106.28
2008/7/21,106.94
2008/7/22,106.45
2008/7/23,107.34
2008/7/24,107.89
2008/7/25,107.33
2008/7/28,107.84
2008/7/29,107.47
2008/7/30,108.1
2008/7/31,108.13
2008/8/1,107.91
2008/8/4,107.7
2008/8/5,108.27
2008/8/6,108.34
2008/8/7,109.79
2008/8/8,109.44
2008/8/11,110.12
2008/8/12,110.06
2008/8/13,109.27
2008/8/14,109.53
2008/8/15,109.73
2008/8/18,110.32
2008/8/19,110.13
2008/8/20,109.72
2008/8/21,109.84
2008/8/22,108.43
2008/8/25,109.86
2008/8/26,109.31
2008/8/27,109.6
2008/8/28,109.5
2008/8/29,109.5
2008/9/1,108.43
2008/9/2,108.1
2008/9/3,108.61
2008/9/4,108.29
2008/9/5,107.08
2008/9/8,108.48
2008/9/9,108.26
2008/9/10,106.81
2008/9/11,107.69
2008/9/12,107.16
2008/9/15,106.3
2008/9/16,104.68
2008/9/17,105.65
2008/9/18,104.59
2008/9/19,105.44
2008/9/22,106.83
2008/9/23,105.51
2008/9/24,105.56
2008/9/25,106.12
2008/9/26,106.56
2008/9/29,106.29
2008/9/30,104.18
2008/10/1,106.12
2008/10/2,105.72
2008/10/3,105.34
2008/10/6,105.06
2008/10/7,101.81
2008/10/8,101.47
2008/10/9,99.14
2008/10/10,99.83
2008/10/13,100.71
2008/10/14,102.01
2008/10/15,102.08
2008/10/16,99.96
2008/10/17,101.59
2008/10/20,101.47
2008/10/21,101.87
2008/10/22,100.13
2008/10/23,97.67
2008/10/24,97.38
2008/10/27,93.21
2008/10/28,92.77
2008/10/29,98.03
2008/10/30,97.38
2008/10/31,98.61
2008/11/3,98.28
2008/11/4,99.12
2008/11/5,99.72
2008/11/6,97.94
2008/11/7,97.75
2008/11/10,98.97
2008/11/11,98
2008/11/12,97.65
2008/11/13,95.03
2008/11/14,97.71
2008/11/17,96.27
2008/11/18,96.42
2008/11/19,97.02
2008/11/20,95.73
2008/11/21,93.72
2008/11/24,95.98
2008/11/25,97.34
2008/11/26,95.23
2008/11/27,95.66
2008/11/28,95.17
2008/12/1,95.55
2008/12/2,93.22
2008/12/3,93.18
2008/12/4,93.29
2008/12/5,92.24
2008/12/8,92.71
2008/12/9,92.82
2008/12/10,92.12
2008/12/11,92.76
2008/12/12,91.46
2008/12/15,90.97
2008/12/16,90.65
2008/12/17,89.06
2008/12/18,87.24
2008/12/19,89.45
2008/12/22,89.29
2008/12/23,90.26
2008/12/24,90.98
2008/12/25,90.45
2008/12/29,90.66
2008/12/30,90.67
2008/12/31,90.34
2009/1/2,90.9
2009/1/5,92.14
2009/1/6,93.38
2009/1/7,93.65
2009/1/8,92.65
2009/1/9,91.23
2009/1/12,90.04
2009/1/13,89.22
2009/1/14,89.39
2009/1/15,89.06
2009/1/16,89.84
2009/1/19,91
2009/1/20,90.71
2009/1/21,89.76
2009/1/22,89.48
2009/1/23,88.91
2009/1/26,88.42
2009/1/27,89.09
2009/1/28,88.97
2009/1/29,90.26
2009/1/30,90.03
2009/2/2,89.69
2009/2/3,89.45
2009/2/4,89.44
2009/2/5,89.44
2009/2/6,91.19
2009/2/9,92.13
2009/2/10,91.47
2009/2/11,90.47
2009/2/12,90.4
2009/2/13,90.94
2009/2/16,91.82
2009/2/17,91.73
2009/2/18,92.41
2009/2/19,93.78
2009/2/20,94.2
2009/2/23,93.52
2009/2/24,94.61
2009/2/25,96.63
2009/2/26,97.4
2009/2/27,98.51
2009/3/2,97.66
2009/3/3,97.43
2009/3/4,98.31
2009/3/5,99.07
2009/3/6,97.87
2009/3/9,98.27
2009/3/10,98.84
2009/3/11,98.67
2009/3/12,97.28
2009/3/13,97.72
2009/3/16,98.09
2009/3/17,98.18
2009/3/18,98.59
2009/3/19,96.25
2009/3/20,94.5
2009/3/23,95.69
2009/3/24,96.95
2009/3/25,97.9
2009/3/26,97.53
2009/3/27,98.71
2009/3/30,98.19
2009/3/31,97.25
2009/4/1,98.95
2009/4/2,98.54
2009/4/3,99.5
2009/4/6,100.46
2009/4/7,100.93
2009/4/8,100.39
2009/4/9,99.73
2009/4/10,100.39
2009/4/13,100.4
2009/4/14,100.12
2009/4/15,98.97
2009/4/16,99.33
2009/4/17,99.26
2009/4/20,99.21
2009/4/21,97.9
2009/4/22,98.7
2009/4/23,97.98
2009/4/24,97.96
2009/4/27,96.75
2009/4/28,96.74
2009/4/29,96.43
2009/4/30,97.58
2009/5/1,98.64
2009/5/4,99.42
2009/5/5,98.8
2009/5/6,98.82
2009/5/7,98.28
2009/5/8,99.1
2009/5/11,98.6
2009/5/12,97.48
2009/5/13,96.44
2009/5/14,95.27
2009/5/15,95.74
2009/5/18,95.09
2009/5/19,96.28
2009/5/20,95.94
2009/5/21,94.87
2009/5/22,94.37
2009/5/25,94.72
2009/5/26,94.81
2009/5/27,94.99
2009/5/28,95.29
2009/5/29,96.78
2009/6/1,95.26
2009/6/2,96.54
2009/6/3,95.73
2009/6/4,95.94
2009/6/5,96.59
2009/6/8,98.79
2009/6/9,98.47
2009/6/10,97.4
2009/6/11,98.12
2009/6/12,97.6
2009/6/15,98.33
2009/6/16,97.8
2009/6/17,96.4
2009/6/18,95.73
2009/6/19,96.44
2009/6/22,96.26
2009/6/23,95.85
2009/6/24,95.22
2009/6/25,95.61
2009/6/26,95.95
2009/6/29,95.24
2009/6/30,96.02
2009/7/1,96.33
2009/7/2,96.6
2009/7/3,95.91
2009/7/6,95.96
2009/7/7,95.3
2009/7/8,94.89
2009/7/9,92.86
2009/7/10,92.95
2009/7/13,92.37
2009/7/14,92.93
2009/7/15,93.52
2009/7/16,94.22
2009/7/17,93.91
2009/7/20,94.28
2009/7/21,94.23
2009/7/22,93.74
2009/7/23,93.58
2009/7/24,94.99
2009/7/27,94.72
2009/7/28,95.16
2009/7/29,94.53
2009/7/30,94.96
2009/7/31,95.54
2009/8/3,94.79
2009/8/4,95.25
2009/8/5,95.21
2009/8/6,94.93
2009/8/7,95.46
2009/8/10,97.44
2009/8/11,97.15
2009/8/12,95.99
2009/8/13,96.05
2009/8/14,95.4
2009/8/17,94.75
2009/8/18,94.49
2009/8/19,94.68
2009/8/20,94.05
2009/8/21,94.17
2009/8/24,94.44
2009/8/25,94.55
2009/8/26,94.15
2009/8/27,94.23
2009/8/28,93.5
2009/8/31,93.44
2009/9/1,93.11
2009/9/2,92.89
2009/9/3,92.21
2009/9/4,92.62
2009/9/7,93.03
2009/9/8,93.04
2009/9/9,92.31
2009/9/10,92.04
2009/9/11,91.72
2009/9/14,90.22
2009/9/15,90.91
2009/9/16,91.08
2009/9/17,90.93
2009/9/18,91.08
2009/9/21,91.37
2009/9/22,91.98
2009/9/23,91.1
2009/9/24,91.3
2009/9/25,91.25
2009/9/28,89.21
2009/9/29,89.6
2009/9/30,90.12
2009/10/1,89.69
2009/10/2,89.6
2009/10/5,89.6
2009/10/6,89.53
2009/10/7,88.83
2009/10/8,88.58
2009/10/9,88.41
2009/10/12,89.78
2009/10/13,89.78
2009/10/14,89.64
2009/10/15,89.39
2009/10/16,90.55
2009/10/19,91.02
2009/10/20,90.58
2009/10/21,90.73
2009/10/22,90.94
2009/10/23,91.31
2009/10/26,92.1
2009/10/27,92.14
2009/10/28,91.78
2009/10/29,90.69
2009/10/30,91.39
2009/11/2,89.59
2009/11/3,90.27
2009/11/4,90.3
2009/11/5,90.76
2009/11/6,90.68
2009/11/9,89.93
2009/11/10,89.96
2009/11/11,89.8
2009/11/12,89.83
2009/11/13,90.36
2009/11/16,89.64
2009/11/17,89.04
2009/11/18,89.27
2009/11/19,89.34
2009/11/20,89
2009/11/23,88.98
2009/11/24,88.98
2009/11/25,88.5
2009/11/26,87.36
2009/11/27,86.5
2009/11/30,86.57
2009/12/1,86.34
2009/12/2,86.67
2009/12/3,87.35
2009/12/4,88.28
2009/12/7,90.47
2009/12/8,89.49
2009/12/9,88.42
2009/12/10,87.85
2009/12/11,88.18
2009/12/14,89.06
2009/12/15,88.58
2009/12/16,89.6
2009/12/17,89.74
2009/12/18,89.95
2009/12/21,90.33
2009/12/22,91.14
2009/12/23,91.79
2009/12/24,91.6
2009/12/25,91.52
2009/12/28,91.42
2009/12/29,91.59
2009/12/30,91.99
2009/12/31,92.44
2010/1/4,92.71
2010/1/5,92.54
2010/1/6,91.64
2010/1/7,92.3
2010/1/8,93.29
2010/1/11,92.59
2010/1/12,92.1
2010/1/13,90.97
2010/1/14,91.35
2010/1/15,91.16
2010/1/18,90.84
2010/1/19,90.75
2010/1/20,91.11
2010/1/21,91.2
2010/1/22,90.41
2010/1/25,89.88
2010/1/26,90.23
2010/1/27,89.62
2010/1/28,89.96
2010/1/29,89.89
2010/2/1,90.26
2010/2/2,90.63
2010/2/3,90.38
2010/2/4,90.95
2010/2/5,89.01
2010/2/8,89.29
2010/2/9,89.22
2010/2/10,89.65
2010/2/11,89.93
2010/2/12,89.74
2010/2/15,90
2010/2/16,90.02
2010/2/17,90.12
2010/2/18,91.23
2010/2/19,91.78
2010/2/22,91.62
2010/2/23,91.12
2010/2/24,90.2
2010/2/25,90.11
2010/2/26,89.02
2010/3/1,88.88
2010/3/2,89.11
2010/3/3,88.86
2010/3/4,88.45
2010/3/5,89.03
2010/3/8,90.39
2010/3/9,90.27
2010/3/10,89.94
2010/3/11,90.5
2010/3/12,90.47
2010/3/15,90.59
2010/3/16,90.5
2010/3/17,90.29
2010/3/18,90.29
2010/3/19,90.35
2010/3/22,90.47
2010/3/23,90.12
2010/3/24,90.38
2010/3/25,92.26
2010/3/26,92.7
2010/3/29,92.46
2010/3/30,92.49
2010/3/31,92.77
2010/4/1,93.4
2010/4/2,93.8
2010/4/5,94.57
2010/4/6,94.33
2010/4/7,93.78
2010/4/8,93.31
2010/4/9,93.33
2010/4/12,93.25
2010/4/13,93.23
2010/4/14,93.17
2010/4/15,93.24
2010/4/16,93.02
2010/4/19,91.96
2010/4/20,92.37
2010/4/21,93.2
2010/4/22,93.17
2010/4/23,93.45
2010/4/26,94.09
2010/4/27,93.96
2010/4/28,93.23
2010/4/29,94.04
2010/4/30,94.04
2010/5/3,94.02
2010/5/4,94.53
2010/5/5,94.49
2010/5/6,93.77
2010/5/7,90.53
2010/5/10,92.06
2010/5/11,93.25
2010/5/12,92.65
2010/5/13,93.19
2010/5/14,92.74
2010/5/17,92.29
2010/5/18,92.54
2010/5/19,92.25
2010/5/20,91.66
2010/5/21,89.67
2010/5/24,90.1
2010/5/25,90.28
2010/5/26,90.19
2010/5/27,89.92
2010/5/28,91
2010/5/31,90.9
2010/6/1,91.23
2010/6/2,90.98
2010/6/3,92.12
2010/6/4,92.66
2010/6/7,91.57
2010/6/8,91.36
2010/6/9,91.4
2010/6/10,91.28
2010/6/11,91.32
2010/6/14,91.69
2010/6/15,91.56
2010/6/16,91.41
2010/6/17,91.41
2010/6/18,90.97
2010/6/21,90.41
2010/6/22,91.06
2010/6/23,90.53
2010/6/24,89.81
2010/6/25,89.59
2010/6/28,89.29
2010/6/29,89.35
2010/6/30,88.58
2010/7/1,88.45
2010/7/2,87.57
2010/7/5,87.77
2010/7/6,87.77
2010/7/7,87.52
2010/7/8,87.67
2010/7/9,88.33
2010/7/12,88.67
2010/7/13,88.59
2010/7/14,88.69
2010/7/15,88.41
2010/7/16,87.38
2010/7/19,86.52
2010/7/20,86.7
2010/7/21,87.46
2010/7/22,87.05
2010/7/23,86.95
2010/7/26,87.5
2010/7/27,86.88
2010/7/28,87.86
2010/7/29,87.43
2010/7/30,86.78
2010/8/2,86.4
2010/8/3,86.48
2010/8/4,85.79
2010/8/5,86.23
2010/8/6,85.83
2010/8/9,85.36
2010/8/10,85.9
2010/8/11,85.45
2010/8/12,85.28
2010/8/13,85.87
2010/8/16,86.07
2010/8/17,85.34
2010/8/18,85.52
2010/8/19,85.4
2010/8/20,85.39
2010/8/23,85.68
2010/8/24,85.13
2010/8/25,83.89
2010/8/26,84.57
2010/8/27,84.42
2010/8/30,85.48
2010/8/31,84.59
2010/9/1,84.18
2010/9/2,84.46
2010/9/3,84.3
2010/9/6,84.46
2010/9/7,84.19
2010/9/8,83.8
2010/9/9,83.84
2010/9/10,83.75
2010/9/13,84.29
2010/9/14,83.68
2010/9/15,83.04
2010/9/16,85.7
2010/9/17,85.74
2010/9/20,85.76
2010/9/21,85.69
2010/9/22,85.08
2010/9/23,84.52
2010/9/24,84.37
2010/9/27,84.31
2010/9/28,84.28
2010/9/29,83.89
2010/9/30,83.75
2010/10/1,83.48
2010/10/4,83.4
2010/10/5,83.33
2010/10/6,83.22
2010/10/7,82.92
2010/10/8,82.38
2010/10/11,81.86
2010/10/12,82.07
2010/10/13,81.72
2010/10/14,81.78
2010/10/15,81.45
2010/10/18,81.38
2010/10/19,81.24
2010/10/20,81.57
2010/10/21,81.06
2010/10/22,81.29
2010/10/25,81.27
2010/10/26,80.83
2010/10/27,81.4
2010/10/28,81.75
2010/10/29,81.01
2010/11/1,80.35
2010/11/2,80.5
2010/11/3,80.63
2010/11/4,81.08
2010/11/5,80.7
2010/11/8,81.3
2010/11/9,81.16
2010/11/10,81.67
2010/11/11,82.26
2010/11/12,82.45
2010/11/15,82.49
2010/11/16,83.1
2010/11/17,83.3
2010/11/18,83.16
2010/11/19,83.51
2010/11/22,83.52
2010/11/23,83.33
2010/11/24,83.12
2010/11/25,83.51
2010/11/26,83.56
2010/11/29,84.14
2010/11/30,84.26
2010/12/1,83.65
2010/12/2,84.18
2010/12/3,83.82
2010/12/6,82.7
2010/12/7,82.64
2010/12/8,83.46
2010/12/9,84.03
2010/12/10,83.7
2010/12/13,83.92
2010/12/14,83.41
2010/12/15,83.6
2010/12/16,84.22
2010/12/17,83.93
2010/12/20,84
2010/12/21,83.77
2010/12/22,83.74
2010/12/23,83.56
2010/12/24,82.91
2010/12/27,82.88
2010/12/28,82.81
2010/12/29,82.35
2010/12/30,81.6
2010/12/31,81.52
2011/1/3,81.12
2011/1/4,81.69
2011/1/5,82.05
2011/1/6,83.23
2011/1/7,83.28
2011/1/10,83.08
2011/1/11,82.71
2011/1/12,83.23
2011/1/13,82.99
2011/1/14,82.78
2011/1/17,82.92
2011/1/18,82.67
2011/1/19,82.6
2011/1/20,82.01
2011/1/21,82.97
2011/1/24,82.68
2011/1/25,82.5
2011/1/26,82.22
2011/1/27,82.16
2011/1/28,82.89
2011/1/31,82.16
2011/2/1,82.04
2011/2/2,81.35
2011/2/3,81.55
2011/2/4,81.61
2011/2/7,82.17
2011/2/8,82.28
2011/2/9,82.3
2011/2/10,82.34
2011/2/11,83.19
2011/2/14,83.49
2011/2/15,83.31
2011/2/16,83.77
2011/2/17,83.65
2011/2/18,83.32
2011/2/21,83.17
2011/2/22,83.15
2011/2/23,82.72
2011/2/24,82.49
2011/2/25,81.87
2011/2/28,81.73
2011/3/1,81.76
2011/3/2,81.84
2011/3/3,81.82
2011/3/4,82.4
2011/3/7,82.28
2011/3/8,82.2
2011/3/9,82.66
2011/3/10,82.72
2011/3/11,82.95
2011/3/14,81.46
2011/3/15,81.65
2011/3/16,80.73
2011/3/17,79.63
2011/3/18,78.89
2011/3/21,80.72
2011/3/22,81.01
2011/3/23,80.95
2011/3/24,80.88
2011/3/25,80.96
2011/3/28,81.44
2011/3/29,81.67
2011/3/30,82.43
2011/3/31,82.88
2011/4/1,83.17
2011/4/4,84.3
2011/4/5,84.02
2011/4/6,84.83
2011/4/7,85.45
2011/4/8,84.92
2011/4/11,84.99
2011/4/12,84.62
2011/4/13,83.56
2011/4/14,83.81
2011/4/15,83.46
2011/4/18,83.09
2011/4/19,82.65
2011/4/20,82.58
2011/4/21,82.54
2011/4/22,81.84
2011/4/25,81.87
2011/4/26,81.81
2011/4/27,81.55
2011/4/28,82.13
2011/4/29,81.51
2011/5/2,81.07
2011/5/3,81.21
2011/5/4,80.93
2011/5/5,80.59
2011/5/6,80.04
2011/5/9,80.65
2011/5/10,80.31
2011/5/11,80.84
2011/5/12,81
2011/5/13,80.92
2011/5/16,80.84
2011/5/17,80.79
2011/5/18,81.4
2011/5/19,81.63
2011/5/20,81.6
2011/5/23,81.73
2011/5/24,81.96
2011/5/25,81.94
2011/5/26,81.96
2011/5/27,81.27
2011/5/30,80.77
2011/5/31,80.92
2011/6/1,81.5
2011/6/2,80.93
2011/6/3,80.88
2011/6/6,80.17
2011/6/7,80.09
2011/6/8,80.07
2011/6/9,79.87
2011/6/10,80.33
2011/6/13,80.25
2011/6/14,80.22
2011/6/15,80.47
2011/6/16,80.92
2011/6/17,80.66
2011/6/20,80.14
2011/6/21,80.23
2011/6/22,80.19
2011/6/23,80.28
2011/6/24,80.49
2011/6/27,80.42
2011/6/28,80.87
2011/6/29,81.1
2011/6/30,80.79
2011/7/1,80.54
2011/7/4,80.84
2011/7/5,80.78
2011/7/6,81.04
2011/7/7,80.89
2011/7/8,81.22
2011/7/11,80.69
2011/7/12,80.25
2011/7/13,79.24
2011/7/14,78.99
2011/7/15,79.12
2011/7/18,78.97
2011/7/19,79.04
2011/7/20,79.15
2011/7/21,78.76
2011/7/22,78.33
2011/7/25,78.22
2011/7/26,78.26
2011/7/27,77.87
2011/7/28,77.97
2011/7/29,77.68
2011/8/1,77.41
2011/8/2,77.18
2011/8/3,77.14
2011/8/4,77.03
2011/8/5,78.85
2011/8/8,78.28
2011/8/9,77.73
2011/8/10,76.94
2011/8/11,76.84
2011/8/12,76.82
2011/8/15,76.89
2011/8/16,76.8
2011/8/17,76.78
2011/8/18,76.55
2011/8/19,76.57
2011/8/22,76.64
2011/8/23,76.8
2011/8/24,76.59
2011/8/25,76.87
2011/8/26,77.52
2011/8/29,76.74
2011/8/30,76.77
2011/8/31,76.6
2011/9/1,76.54
2011/9/2,76.8
2011/9/5,76.83
2011/9/6,76.84
2011/9/7,77.57
2011/9/8,77.22
2011/9/9,77.47
2011/9/12,77.46
2011/9/13,77.15
2011/9/14,76.99
2011/9/15,76.6
2011/9/16,76.78
2011/9/19,76.91
2011/9/20,76.46
2011/9/21,76.37
2011/9/22,76.42
2011/9/23,76.18
2011/9/26,76.6
2011/9/27,76.32
2011/9/28,76.78
2011/9/29,76.53
2011/9/30,76.87
2011/10/3,77.1
2011/10/4,76.56
2011/10/5,76.95
2011/10/6,76.73
2011/10/7,76.57
2011/10/10,76.8
2011/10/11,76.63
2011/10/12,76.6
2011/10/13,77.22
2011/10/14,76.77
2011/10/17,77.16
2011/10/18,76.72
2011/10/19,76.73
2011/10/20,76.8
2011/10/21,76.77
2011/10/24,76.21
2011/10/25,76.18
2011/10/26,76.1
2011/10/27,76.25
2011/10/28,75.87
2011/10/31,75.76
2011/11/1,78.12
2011/11/2,78.25
2011/11/3,78.1
2011/11/4,77.96
2011/11/7,78.21
2011/11/8,78.13
2011/11/9,77.67
2011/11/10,77.78
2011/11/11,77.6
2011/11/14,77.14
2011/11/15,77.08
2011/11/16,77.05
2011/11/17,77.03
2011/11/18,76.98
2011/11/21,76.87
2011/11/22,76.87
2011/11/23,76.97
2011/11/24,77.29
2011/11/25,77.1
2011/11/28,77.62
2011/11/29,77.97
2011/11/30,77.93
2011/12/1,77.56
2011/12/2,77.7
2011/12/5,78.01
2011/12/6,77.79
2011/12/7,77.71
2011/12/8,77.63
2011/12/9,77.64
2011/12/12,77.59
2011/12/13,77.94
2011/12/14,77.98
2011/12/15,78.07
2011/12/16,77.9
2011/12/19,77.8
2011/12/20,78
2011/12/21,77.83
2011/12/22,78
2011/12/23,78.13
2011/12/26,78.09
2011/12/27,77.93
2011/12/28,77.86
2011/12/29,77.95
2011/12/30,77.6
2012/1/3,76.89
2012/1/4,76.74
2012/1/5,76.74
2012/1/6,77.1
2012/1/9,76.89
2012/1/10,76.84
2012/1/11,76.83
2012/1/12,76.88
2012/1/13,76.78
2012/1/16,76.94
2012/1/17,76.78
2012/1/18,76.81
2012/1/19,76.78
2012/1/20,77.11
2012/1/23,76.99
2012/1/24,76.98
2012/1/25,77.66
2012/1/26,77.72
2012/1/27,77.42
2012/1/30,76.67
2012/1/31,76.35
2012/2/1,76.22
2012/2/2,76.17
2012/2/3,76.2
2012/2/6,76.5
2012/2/7,76.52
2012/2/8,76.74
2012/2/9,77.03
2012/2/10,77.65
2012/2/13,77.64
2012/2/14,77.57
2012/2/15,78.43
2012/2/16,78.39
2012/2/17,78.86
2012/2/20,79.69
2012/2/21,79.63
2012/2/22,79.7
2012/2/23,80.26
2012/2/24,79.91
2012/2/27,81.24
2012/2/28,80.59
2012/2/29,80.47
2012/3/1,81.2
2012/3/2,81.12
2012/3/5,81.84
2012/3/6,81.53
2012/3/7,80.85
2012/3/8,81.08
2012/3/9,81.55
2012/3/12,82.56
2012/3/13,82.23
2012/3/14,82.9
2012/3/15,83.7
2012/3/16,83.51
2012/3/19,83.43
2012/3/20,83.33
2012/3/21,83.67
2012/3/22,83.33
2012/3/23,82.52
2012/3/26,82.49
2012/3/27,82.83
2012/3/28,83.12
2012/3/29,82.85
2012/3/30,82.43
2012/4/2,82.8
2012/4/3,82.05
2012/4/4,82.8
2012/4/5,82.43
2012/4/6,82.3
2012/4/9,81.49
2012/4/10,81.53
2012/4/11,80.66
2012/4/12,80.86
2012/4/13,80.86
2012/4/16,80.98
2012/4/17,80.42
2012/4/18,80.86
2012/4/19,81.27
2012/4/20,81.6
2012/4/23,81.59
2012/4/24,81.16
2012/4/25,81.31
2012/4/26,81.31
2012/4/27,80.99
2012/4/30,80.25
2012/5/1,79.77
2012/5/2,80.08
2012/5/3,80.13
2012/5/4,80.16
2012/5/7,79.82
2012/5/8,79.89
2012/5/9,79.86
2012/5/10,79.67
2012/5/11,79.84
2012/5/14,79.84
2012/5/15,79.83
2012/5/16,80.18
2012/5/17,80.31
2012/5/18,79.29
2012/5/21,79.1
2012/5/22,79.28
2012/5/23,79.97
2012/5/24,79.42
2012/5/25,79.54
2012/5/28,79.61
2012/5/29,79.46
2012/5/30,79.5
2012/5/31,79.08
2012/6/1,78.33
2012/6/4,78.26
2012/6/5,78.35
2012/6/6,78.75
2012/6/7,79.17
2012/6/8,79.64
2012/6/11,79.46
2012/6/12,79.43
2012/6/13,79.53
2012/6/14,79.45
2012/6/15,79.37
2012/6/18,78.97
2012/6/19,79.07
2012/6/20,78.92
2012/6/21,79.47
2012/6/22,80.23
2012/6/25,80.54
2012/6/26,79.67
2012/6/27,79.48
2012/6/28,79.72
2012/6/29,79.44
2012/7/2,79.96
2012/7/3,79.48
2012/7/4,79.79
2012/7/5,79.83
2012/7/6,79.9
2012/7/9,79.63
2012/7/10,79.55
2012/7/11,79.38
2012/7/12,79.7
2012/7/13,79.26
2012/7/16,79.16
2012/7/17,78.83
2012/7/18,79.06
2012/7/19,78.79
2012/7/20,78.57
2012/7/23,78.49
2012/7/24,78.36
2012/7/25,78.16
2012/7/26,78.14
2012/7/27,78.19
2012/7/30,78.52
2012/7/31,78.17
2012/8/1,78.11
2012/8/2,78.41
2012/8/3,78.23
2012/8/6,78.57
2012/8/7,78.21
2012/8/8,78.59
2012/8/9,78.43
2012/8/10,78.55
2012/8/13,78.24
2012/8/14,78.31
2012/8/15,78.73
2012/8/16,78.9
2012/8/17,79.33
2012/8/20,79.51
2012/8/21,79.41
2012/8/22,79.27
2012/8/23,78.56
2012/8/24,78.47
2012/8/27,78.68
2012/8/28,78.74
2012/8/29,78.51
2012/8/30,78.7
2012/8/31,78.61
2012/9/3,78.32
2012/9/4,78.29
2012/9/5,78.41
2012/9/6,78.37
2012/9/7,78.87
2012/9/10,78.27
2012/9/11,78.26
2012/9/12,77.77
2012/9/13,77.81
2012/9/14,77.52
2012/9/17,78.36
2012/9/18,78.72
2012/9/19,78.77
2012/9/20,78.35
2012/9/21,78.23
2012/9/24,78.2
2012/9/25,77.83
2012/9/26,77.78
2012/9/27,77.72
2012/9/28,77.6
2012/10/1,77.94
2012/10/2,77.97
2012/10/3,78.15
2012/10/4,78.51
2012/10/5,78.47
2012/10/8,78.69
2012/10/9,78.3
2012/10/10,78.24
2012/10/11,78.19
2012/10/12,78.34
2012/10/15,78.42
2012/10/16,78.66
2012/10/17,78.87
2012/10/18,78.95
2012/10/19,79.26
2012/10/22,79.26
2012/10/23,79.94
2012/10/24,79.83
2012/10/25,79.77
2012/10/26,80.31
2012/10/29,79.62
2012/10/30,79.79
2012/10/31,79.59
2012/11/1,79.75
2012/11/2,80.15
2012/11/5,80.51
2012/11/6,80.26
2012/11/7,80.35
2012/11/8,79.95
2012/11/9,79.44
2012/11/12,79.42
2012/11/13,79.46
2012/11/14,79.41
2012/11/15,80.23
2012/11/16,81.13
2012/11/19,81.32
2012/11/20,81.35
2012/11/21,81.72
2012/11/22,82.5
2012/11/23,82.4
2012/11/26,82.3
2012/11/27,82.03
2012/11/28,82.13
2012/11/29,82.05
2012/11/30,82.09
2012/12/3,82.42
2012/12/4,82.23
2012/12/5,81.87
2012/12/6,82.42
2012/12/7,82.37
2012/12/10,82.46
2012/12/11,82.35
2012/12/12,82.5
2012/12/13,83.23
2012/12/14,83.6
2012/12/17,84.05
2012/12/18,83.86
2012/12/19,84.19
2012/12/20,84.26
2012/12/21,84.32
2012/12/24,84.25
2012/12/25,84.87
2012/12/26,84.83
2012/12/27,85.59
2012/12/28,86.07
2012/12/31,85.91
2013/1/2,86.66
2013/1/3,87.3
2013/1/4,87.46
2013/1/7,88.21
2013/1/8,87.74
2013/1/9,87.03
2013/1/10,87.86
2013/1/11,88.78
2013/1/14,89.27
2013/1/15,89.46
2013/1/16,88.82
2013/1/17,88.42
2013/1/18,89.89
2013/1/21,90.12
2013/1/22,89.66
2013/1/23,88.76
2013/1/24,88.57
2013/1/25,90.33
2013/1/28,91.01
2013/1/29,90.72
2013/1/30,90.74
2013/1/31,91.07
2013/2/1,91.78
2013/2/4,92.88
2013/2/5,92.32
2013/2/6,93.66
2013/2/7,93.57
2013/2/8,93.61
2013/2/11,92.65
2013/2/12,94.29
2013/2/13,93.5
2013/2/14,93.36
2013/2/15,92.84
2013/2/18,93.78
2013/2/19,93.9
2013/2/20,93.53
2013/2/21,93.57
2013/2/22,93.09
2013/2/25,94.13
2013/2/26,92.05
2013/2/27,91.94
2013/2/28,92.24
2013/3/1,92.63
2013/3/4,93.5
2013/3/5,93.45
2013/3/6,93.34
2013/3/7,94.03
2013/3/8,94.81
2013/3/11,96.07
2013/3/12,96.27
2013/3/13,96.03
2013/3/14,96.08
2013/3/15,96.07
2013/3/18,94.92
2013/3/19,95.22
2013/3/20,95.1
2013/3/21,96.01
2013/3/22,94.89
2013/3/25,94.51
2013/3/26,94.13
2013/3/27,94.44
2013/3/28,94.41
2013/3/29,94.14
2013/4/1,94.17
2013/4/2,93.24
2013/4/3,93.38
2013/4/4,93.02
2013/4/5,96.31
2013/4/8,98.4
2013/4/9,99.37
2013/4/10,99.01
2013/4/11,99.77
2013/4/12,99.65
2013/4/15,98.51
2013/4/16,96.37
2013/4/17,97.59
2013/4/18,98.12
2013/4/19,98.21
2013/4/22,99.66
2013/4/23,99.24
2013/4/24,99.42
2013/4/25,99.49
2013/4/26,99.3
2013/4/29,97.92
2013/4/30,97.79
2013/5/1,97.38
2013/5/2,97.35
2013/5/3,97.96
2013/5/6,99.17
2013/5/7,99.32
2013/5/8,98.98
2013/5/9,98.92
2013/5/10,100.71
2013/5/13,101.81
2013/5/14,101.79
2013/5/15,102.31
2013/5/16,102.26
2013/5/17,102.21
2013/5/20,102.86
2013/5/21,102.25
2013/5/22,102.5
2013/5/23,103.14
2013/5/24,101.94
2013/5/27,101.14
2013/5/28,101.02
2013/5/29,102.31
2013/5/30,101.11
2013/5/31,100.76
2013/6/3,100.54
2013/6/4,99.5
2013/6/5,99.99
2013/6/6,99.04
2013/6/7,97.11
2013/6/10,97.84
2013/6/11,98.74
2013/6/12,96.06
2013/6/13,96.01
2013/6/14,95.44
2013/6/17,94.36
2013/6/18,94.5
2013/6/19,95.36
2013/6/20,96.42
2013/6/21,97.36
2013/6/24,98.06
2013/6/25,97.7
2013/6/26,97.82
2013/6/27,97.83
2013/6/28,98.35
2013/7/1,99.36
2013/7/2,99.6
2013/7/3,100.6
2013/7/4,99.93
2013/7/5,100.04
2013/7/8,101.31
2013/7/9,100.95
2013/7/10,101.1
2013/7/11,99.75
2013/7/12,98.96
2013/7/15,99.22
2013/7/16,99.84
2013/7/17,99.09
2013/7/18,99.55
2013/7/19,100.47
2013/7/22,100.47
2013/7/23,99.53
2013/7/24,99.43
2013/7/25,100.21
2013/7/26,99.27
2013/7/29,98.24
2013/7/30,97.9
2013/7/31,98.05
2013/8/1,97.78
2013/8/2,99.53
2013/8/5,98.85
2013/8/6,98.24
2013/8/7,97.75
2013/8/8,96.36
2013/8/9,96.62
2013/8/12,96.31
2013/8/13,96.89
2013/8/14,98.2
2013/8/15,98.06
2013/8/16,97.24
2013/8/19,97.57
2013/8/20,97.58
2013/8/21,97.26
2013/8/22,97.65
2013/8/23,98.73
2013/8/26,98.68
2013/8/27,98.41
2013/8/28,97.01
2013/8/29,97.64
2013/8/30,98.33
2013/9/2,98.24
2013/9/3,99.34
2013/9/4,99.58
2013/9/5,99.73
2013/9/6,100.13
2013/9/9,99.65
2013/9/10,99.57
2013/9/11,100.34
2013/9/12,99.85
2013/9/13,99.45
2013/9/16,98.93
2013/9/17,99.02
2013/9/18,99.1
2013/9/19,97.99
2013/9/20,99.39
2013/9/23,99.37
2013/9/24,98.82
2013/9/25,98.73
2013/9/26,98.47
2013/9/27,98.92
2013/9/30,97.98
2013/10/1,98.27
2013/10/2,97.96
2013/10/3,97.33
2013/10/4,97.24
2013/10/7,97.27
2013/10/8,96.69
2013/10/9,96.85
2013/10/10,97.34
2013/10/11,98.16
2013/10/14,98.37
2013/10/15,98.55
2013/10/16,98.19
2013/10/17,98.74
2013/10/18,97.85
2013/10/21,97.87
2013/10/22,98.18
2013/10/23,98.09
2013/10/24,97.31
2013/10/25,97.3
2013/10/28,97.46
2013/10/29,97.63
2013/10/30,98.16
2013/10/31,98.49
2013/11/1,98.33
2013/11/4,98.62
2013/11/5,98.63
2013/11/6,98.55
2013/11/7,98.67
2013/11/8,98.06
2013/11/11,99.13
2013/11/12,99.18
2013/11/13,99.57
2013/11/14,99.15
2013/11/15,100.06
2013/11/18,100.24
2013/11/19,99.96
2013/11/20,100.16
2013/11/21,100
2013/11/22,101.13
2013/11/25,101.31
2013/11/26,101.57
2013/11/27,101.26
2013/11/28,102.16
2013/11/29,102.29
2013/12/2,102.44
2013/12/3,102.91
2013/12/4,102.4
2013/12/5,102.3
2013/12/6,101.77
2013/12/9,102.91
2013/12/10,103.22
2013/12/11,102.79
2013/12/12,102.45
2013/12/13,103.35
2013/12/16,103.21
2013/12/17,103
2013/12/18,102.65
2013/12/19,104.31
2013/12/20,104.22
2013/12/23,104.07
2013/12/24,104.08
2013/12/25,104.3
2013/12/26,104.4
2013/12/27,104.78
2013/12/30,105.16
2013/12/31,105.11
2014/1/2,105.26
2014/1/3,104.78
2014/1/6,104.79
2014/1/7,104.22
2014/1/8,104.57
2014/1/9,104.84
2014/1/10,104.79
2014/1/13,104.05
2014/1/14,103.03
2014/1/15,104.22
2014/1/16,104.56
2014/1/17,104.35
2014/1/20,104.29
2014/1/21,104.14
2014/1/22,104.27
2014/1/23,104.53
2014/1/24,103.28
2014/1/27,102.06
2014/1/28,102.55
2014/1/29,103.16
2014/1/30,102.16
2014/1/31,102.73
2014/2/3,102.09
2014/2/4,100.99
2014/2/5,101.64
2014/2/6,101.44
2014/2/7,102.07
2014/2/10,102.38
2014/2/11,102.19
2014/2/12,102.57
2014/2/13,102.5
2014/2/14,102.2
2014/2/17,101.78
2014/2/18,101.91
2014/2/19,102.36
2014/2/20,102.31
2014/2/21,102.3
2014/2/24,102.59
2014/2/25,102.46
2014/2/26,102.16
2014/2/27,102.37
2014/2/28,102.12
2014/3/3,101.65
2014/3/4,101.4
2014/3/5,102.22
2014/3/6,102.28
2014/3/7,103.08
2014/3/10,103.26
2014/3/11,103.28
2014/3/12,102.95
2014/3/13,102.73
2014/3/14,101.77
2014/3/17,101.32
2014/3/18,101.72
2014/3/19,101.41
2014/3/20,102.38
2014/3/21,102.39
2014/3/24,102.19
2014/3/25,102.22
2014/3/26,102.24
2014/3/27,102.02
2014/3/28,102.17
2014/3/31,102.85
2014/4/1,103.2
2014/4/2,103.65
2014/4/3,103.84
2014/4/4,103.92
2014/4/7,103.35
2014/4/8,103.06
2014/4/9,101.76
2014/4/10,101.95
2014/4/11,101.51
2014/4/14,101.51
2014/4/15,101.81
2014/4/16,101.86
2014/4/17,102.22
2014/4/18,102.38
2014/4/21,102.46
2014/4/22,102.65
2014/4/23,102.56
2014/4/24,102.49
2014/4/25,102.28
2014/4/28,102.16
2014/4/29,102.47
2014/4/30,102.62
2014/5/1,102.2
2014/5/2,102.29
2014/5/5,102.23
2014/5/6,102.12
2014/5/7,101.64
2014/5/8,101.87
2014/5/9,101.61
2014/5/12,101.79
2014/5/13,102.12
2014/5/14,102.24
2014/5/15,101.84
2014/5/16,101.55
2014/5/19,101.54
2014/5/20,101.44
2014/5/21,101.3
2014/5/22,101.4
2014/5/23,101.72
2014/5/26,101.93
2014/5/27,101.91
2014/5/28,101.98
2014/5/29,101.83
2014/5/30,101.74
2014/6/2,101.79
2014/6/3,102.36
2014/6/4,102.51
2014/6/5,102.71
2014/6/6,102.4
2014/6/9,102.56
2014/6/10,102.51
2014/6/11,102.33
2014/6/12,101.97
2014/6/13,101.73
2014/6/16,102.03
2014/6/17,101.83
2014/6/18,102.14
2014/6/19,101.92
2014/6/20,101.92
2014/6/23,102.07
2014/6/24,101.91
2014/6/25,101.92
2014/6/26,101.82
2014/6/27,101.66
2014/6/30,101.46
2014/7/1,101.31
2014/7/2,101.52
2014/7/3,101.77
2014/7/4,102.17
2014/7/7,102.04
2014/7/8,101.86
2014/7/9,101.53
2014/7/10,101.62
2014/7/11,101.32
2014/7/14,101.36
2014/7/15,101.53
2014/7/16,101.64
2014/7/17,101.66
2014/7/18,101.14
2014/7/21,101.31
2014/7/22,101.36
2014/7/23,101.49
2014/7/24,101.51
2014/7/25,101.8
2014/7/28,101.77
2014/7/29,101.84
2014/7/30,102.09
2014/7/31,102.8
2014/8/1,102.79
2014/8/4,102.54
2014/8/5,102.53
2014/8/6,102.59
2014/8/7,102.08
2014/8/8,102.07
2014/8/11,102.04
2014/8/12,102.17
2014/8/13,102.24
2014/8/14,102.41
2014/8/15,102.44
2014/8/18,102.36
2014/8/19,102.55
2014/8/20,102.89
2014/8/21,103.73
2014/8/22,103.82
2014/8/25,104.05
2014/8/26,104.03
2014/8/27,104.05
2014/8/28,103.85
2014/8/29,103.7
2014/9/1,104.07
2014/9/2,104.31
2014/9/3,105.08
2014/9/4,104.83
2014/9/5,105.24
2014/9/8,105.07
2014/9/9,106.01
2014/9/10,106.18
2014/9/11,106.84
2014/9/12,107.07
2014/9/15,107.33
2014/9/16,107.16
2014/9/17,107.1
2014/9/18,108.33
2014/9/19,108.64
2014/9/22,108.98
2014/9/23,108.83
2014/9/24,108.86
2014/9/25,109.02
2014/9/26,108.71
2014/9/29,109.43
2014/9/30,109.45
2014/10/1,109.64
2014/10/2,108.89
2014/10/3,108.4
2014/10/6,109.84
2014/10/7,108.74
2014/10/8,108.05
2014/10/9,108.08
2014/10/10,107.82
2014/10/13,107.46
2014/10/14,106.88
2014/10/15,107.04
2014/10/16,105.98
2014/10/17,106.31
2014/10/20,106.99
2014/10/21,106.91
2014/10/22,106.98
2014/10/23,107.13
2014/10/24,108.24
2014/10/27,108.13
2014/10/28,107.76
2014/10/29,108.14
2014/10/30,108.88
2014/10/31,109.19
2014/11/3,112.96
2014/11/4,113.93
2014/11/5,113.57
2014/11/6,114.72
2014/11/7,115.16
2014/11/10,114.54
2014/11/11,114.8
2014/11/12,115.86
2014/11/13,115.53
2014/11/14,115.79
2014/11/17,116.37
2014/11/18,116.57
2014/11/19,116.91
2014/11/20,117.99
2014/11/21,118.21
2014/11/24,117.82
2014/11/25,118.3
2014/11/26,117.88
2014/11/27,117.66
2014/11/28,117.77
2014/12/1,118.73
2014/12/2,118.36
2014/12/3,119.22
2014/12/4,119.76
2014/12/5,119.78
2014/12/8,121.61
2014/12/9,120.67
2014/12/10,119.65
2014/12/11,117.91
2014/12/12,118.79
2014/12/15,118.53
2014/12/16,117.89
2014/12/17,116.32
2014/12/18,118.68
2014/12/19,118.84
2014/12/22,119.56
2014/12/23,120.01
2014/12/24,120.72
2014/12/25,120.42
2014/12/26,120.22
2014/12/29,120.42
2014/12/30,120.62
2014/12/31,119.45
2015/1/2,119.71
2015/1/5,120.32
2015/1/6,119.54
2015/1/7,118.55
2015/1/8,119.21
2015/1/9,119.73
2015/1/12,118.46
2015/1/13,118.27
2015/1/14,117.89
2015/1/15,117.23
2015/1/16,116.17
2015/1/19,117.38
2015/1/20,117.63
2015/1/21,118.72
2015/1/22,117.83
2015/1/23,118.54
2015/1/26,117.71
2015/1/27,118.44
2015/1/28,117.8
2015/1/29,117.41
2015/1/30,118.27
2015/2/2,117.24
2015/2/3,117.61
2015/2/4,117.57
2015/2/5,117.2
2015/2/6,117.49
2015/2/9,119.01
2015/2/10,118.53
2015/2/11,119.41
2015/2/12,120.39
2015/2/13,119.03
2015/2/16,118.69
2015/2/17,118.42
2015/2/18,119.2
2015/2/19,118.7
2015/2/20,118.96
2015/2/23,119.06
2015/2/24,118.83
2015/2/25,118.93
2015/2/26,118.82
2015/2/27,119.37
2015/3/2,119.72
2015/3/3,120.12
2015/3/4,119.71
2015/3/5,119.69
2015/3/6,120.12
2015/3/9,120.8
2015/3/10,121.2
2015/3/11,121.12
2015/3/12,121.47
2015/3/13,121.26
2015/3/16,121.38
2015/3/17,121.38
2015/3/18,121.36
2015/3/19,120.09
2015/3/20,120.78
2015/3/23,120.04
2015/3/24,119.67
2015/3/25,119.74
2015/3/26,119.46
2015/3/27,119.17
2015/3/30,119.23
2015/3/31,120.1
2015/4/1,120.02
2015/4/2,119.66
2015/4/3,119.73
2015/4/6,118.97
2015/4/7,119.44
2015/4/8,120.29
2015/4/9,120.13
2015/4/10,120.51
2015/4/13,120.26
2015/4/14,120.12
2015/4/15,119.37
2015/4/16,119.07
2015/4/17,119
2015/4/20,118.9
2015/4/21,119.2
2015/4/22,119.67
2015/4/23,119.91
2015/4/24,119.57
2015/4/27,118.91
2015/4/28,119.04
2015/4/29,118.84
2015/4/30,119.08
2015/5/1,119.37
2015/5/4,120.16
2015/5/5,120.13
2015/5/6,119.84
2015/5/7,119.44
2015/5/8,119.67
2015/5/11,119.79
2015/5/12,120.1
2015/5/13,119.83
2015/5/14,119.16
2015/5/15,119.15
2015/5/18,119.41
2015/5/19,119.99
2015/5/20,120.66
2015/5/21,121.29
2015/5/22,121.01
2015/5/25,121.53
2015/5/26,121.54
2015/5/27,123.08
2015/5/28,123.71
2015/5/29,123.9
2015/6/1,124.11
2015/6/2,124.78
2015/6/3,124.07
2015/6/4,124.27
2015/6/5,124.36
2015/6/8,125.66
2015/6/9,124.54
2015/6/10,124.32
2015/6/11,122.71
2015/6/12,123.43
2015/6/15,123.38
2015/6/16,123.41
2015/6/17,123.36
2015/6/18,123.41
2015/6/19,122.92
2015/6/22,122.76
2015/6/23,123.35
2015/6/24,123.92
2015/6/25,123.86
2015/6/26,123.63
2015/6/29,122.5
2015/6/30,122.53
2015/7/1,122.44
2015/7/2,123.14
2015/7/3,123.06
2015/7/6,122.46
2015/7/7,122.54
2015/7/8,122.46
2015/7/9,120.69
2015/7/10,121.26
2015/7/13,122.67
2015/7/14,123.44
2015/7/15,123.36
2015/7/16,123.74
2015/7/17,124.11
2015/7/20,124.08
2015/7/21,124.28
2015/7/22,123.85
2015/7/23,123.95
2015/7/24,123.87
2015/7/27,123.81
2015/7/28,123.24
2015/7/29,123.57
2015/7/30,123.94
2015/7/31,124.15
2015/8/3,123.98
2015/8/4,124.01
2015/8/5,124.35
2015/8/6,124.82
2015/8/7,124.69
2015/8/10,124.28
2015/8/11,124.58
2015/8/12,125.13
2015/8/13,124.2
2015/8/14,124.4
2015/8/17,124.29
2015/8/18,124.38
2015/8/19,124.36
2015/8/20,123.84
2015/8/21,123.37
2015/8/24,121.91
2015/8/25,118.59
2015/8/26,119
2015/8/27,119.99
2015/8/28,121.07
2015/8/31,121.46
2015/9/1,121.25
2015/9/2,119.33
2015/9/3,120.31
2015/9/4,120.07
2015/9/7,118.99
2015/9/8,119.27
2015/9/9,119.85
2015/9/10,120.46
2015/9/11,120.63
2015/9/14,120.57
2015/9/15,120.17
2015/9/16,120.38
2015/9/17,120.57
2015/9/18,120.05
2015/9/21,119.92
2015/9/22,120.58
2015/9/23,120.11
2015/9/24,120.2
2015/9/25,120.22
2015/9/28,120.59
2015/9/29,119.91
2015/9/30,119.78
2015/10/1,119.86
2015/10/2,119.89
2015/10/5,119.87
2015/10/6,120.44
2015/10/7,120.17
2015/10/8,119.98
2015/10/9,119.89
2015/10/12,120.2
2015/10/13,120.01
2015/10/14,119.76
2015/10/15,118.76
2015/10/16,118.9
2015/10/19,119.32
2015/10/20,119.48
2015/10/21,119.86
2015/10/22,119.88
2015/10/23,120.68
2015/10/26,121.37
2015/10/27,121.05
2015/10/28,120.36
2015/10/29,121.02
2015/10/30,121.04
2015/11/2,120.58
2015/11/3,120.75
2015/11/4,121.1
2015/11/5,121.48
2015/11/6,121.69
2015/11/9,123.26
2015/11/10,123.13
2015/11/11,123.18
2015/11/12,122.88
2015/11/13,122.66
2015/11/16,122.5
2015/11/17,123.19
2015/11/18,123.39
2015/11/19,123.58
2015/11/20,122.87
2015/11/23,122.91
2015/11/24,122.85
2015/11/25,122.55
2015/11/26,122.68
2015/11/27,122.61
2015/11/30,122.78
2015/12/1,123.07
2015/12/2,122.85
2015/12/3,123.23
2015/12/4,122.59
2015/12/7,123.19
2015/12/8,123.34
2015/12/9,122.89
2015/12/10,121.47
2015/12/11,121.58
2015/12/14,120.96
2015/12/15,120.97
2015/12/16,121.66
2015/12/17,122.2
2015/12/18,122.54
2015/12/21,121.31
2015/12/22,121.19
2015/12/23,121.03
2015/12/24,120.87
2015/12/25,120.37
2015/12/28,120.18
2015/12/29,120.39
2015/12/30,120.44
2015/12/31,120.51
2016/1/4,120.21
2016/1/5,119.33
2016/1/6,119.03
2016/1/7,118.45
2016/1/8,117.63
2016/1/11,116.9
2016/1/12,117.76
2016/1/13,117.66
2016/1/14,117.62
2016/1/15,118.12
2016/1/18,116.77
2016/1/19,117.34
2016/1/20,117.61
2016/1/21,116.94
2016/1/22,117.77
2016/1/25,118.74
2016/1/26,118.32
2016/1/27,118.39
2016/1/28,118.62
2016/1/29,118.8
2016/2/1,121.21
2016/2/2,120.96
2016/2/3,119.86
2016/2/4,117.93
2016/2/5,116.81
2016/2/8,116.85
2016/2/9,115.69
2016/2/10,115.12
2016/2/11,113.5
2016/2/12,112.46
2016/2/15,113.25
2016/2/16,114.57
2016/2/17,114.03
2016/2/18,114.09
2016/2/19,113.24
2016/2/22,112.56
2016/2/23,112.94
2016/2/24,112.04
2016/2/25,112.15
2016/2/26,112.93
2016/2/29,113.98
2016/3/1,112.38
2016/3/2,114.06
2016/3/3,113.45
2016/3/4,113.65
2016/3/7,113.78
2016/3/8,113.38
2016/3/9,112.63
2016/3/10,113.33
2016/3/11,113.23
2016/3/14,113.79
2016/3/15,113.77
2016/3/16,113.14
2016/3/17,112.69
2016/3/18,111.41
2016/3/21,111.47
2016/3/22,111.94
2016/3/23,112.35
2016/3/24,112.35
2016/3/25,112.84
2016/3/28,113.19
2016/3/29,113.43
2016/3/30,112.68
2016/3/31,112.42
2016/4/1,112.6
2016/4/4,111.67
2016/4/5,111.27
2016/4/6,110.25
2016/4/7,109.81
2016/4/8,108.2
2016/4/11,108.09
2016/4/12,107.93
2016/4/13,108.55
2016/4/14,109.31
2016/4/15,109.36
2016/4/18,108.46
2016/4/19,108.79
2016/4/20,109.23
2016/4/21,109.8
2016/4/22,109.43
2016/4/25,111.59
2016/4/26,111.2
2016/4/27,111.32
2016/4/28,111.46
2016/4/29,108.07
2016/5/2,106.69
2016/5/3,106.43
2016/5/4,106.69
2016/5/5,106.95
2016/5/6,107.23
2016/5/9,107.1
2016/5/10,108.4
2016/5/11,109.31
2016/5/12,108.41
2016/5/13,109.05
2016/5/16,108.63
2016/5/17,109.04
2016/5/18,109.14
2016/5/19,110.18
2016/5/20,109.94
2016/5/23,110.12
2016/5/24,109.2
2016/5/25,110
2016/5/26,110.16
2016/5/27,109.75
2016/5/30,110.43
2016/5/31,111.12
2016/6/1,110.71
2016/6/2,109.51
2016/6/3,108.85
2016/6/6,106.69
2016/6/7,107.59
2016/6/8,107.35
2016/6/9,106.92
2016/6/10,107.02
2016/6/13,106.77
2016/6/14,106.14
2016/6/15,105.96
2016/6/16,105.99
2016/6/17,104.28
2016/6/20,104.49
2016/6/21,103.91
2016/6/22,104.75
2016/6/23,104.66
2016/6/24,106.28
2016/6/27,102.19
2016/6/28,101.91
2016/6/29,102.75
2016/6/30,102.96
2016/7/1,103.25
2016/7/4,102.59
2016/7/5,102.49
2016/7/6,101.73
2016/7/7,101.32
2016/7/8,100.74
2016/7/11,100.69
2016/7/12,102.78
2016/7/13,104.76
2016/7/14,104.44
2016/7/15,105.36
2016/7/18,105.38
2016/7/19,106.17
2016/7/20,106.08
2016/7/21,107.09
2016/7/22,105.77
2016/7/25,106.21
2016/7/26,105.86
2016/7/27,104.66
2016/7/28,105.35
2016/7/29,105.22
2016/8/1,102.39
2016/8/2,102.38
2016/8/3,100.86
2016/8/4,101.25
2016/8/5,101.19
2016/8/8,101.89
2016/8/9,102.47
2016/8/10,101.8
2016/8/11,101.19
2016/8/12,101.87
2016/8/15,101.24
2016/8/16,101.24
2016/8/17,100.2
2016/8/18,100.23
2016/8/19,99.93
2016/8/22,100.33
2016/8/23,100.27
2016/8/24,100.28
2016/8/25,100.44
2016/8/26,100.53
2016/8/29,101.79
2016/8/30,101.91
2016/8/31,103
2016/9/1,103.4
2016/9/2,103.25
2016/9/5,104.02
2016/9/6,103.41
2016/9/7,102.08
2016/9/8,101.69
2016/9/9,102.37
2016/9/12,102.62
2016/9/13,101.82
2016/9/14,102.54
2016/9/15,102.39
2016/9/16,102.07
2016/9/19,102.18
2016/9/20,101.89
2016/9/21,101.7
2016/9/22,100.4
2016/9/23,100.77
2016/9/26,100.99
2016/9/27,100.28
2016/9/28,100.4
2016/9/29,100.67
2016/9/30,101.04
2016/10/3,101.35
2016/10/4,101.57
2016/10/5,102.86
2016/10/6,103.47
2016/10/7,103.98
2016/10/10,103.04
2016/10/11,103.6
2016/10/12,103.49
2016/10/13,104.23
2016/10/14,103.69
2016/10/17,104.24
2016/10/18,103.86
2016/10/19,103.86
2016/10/20,103.38
2016/10/21,103.9
2016/10/24,103.87
2016/10/25,104.2
2016/10/26,104.21
2016/10/27,104.48
2016/10/28,105.2
2016/10/31,104.7
2016/11/1,104.8
2016/11/2,104.06
2016/11/3,103.3
2016/11/4,102.96
2016/11/7,103.72
2016/11/8,104.47
2016/11/9,105.16
2016/11/10,105.68
2016/11/11,106.68
2016/11/14,106.79
2016/11/15,108.38
2016/11/16,109.11
2016/11/17,109
2016/11/18,110.15
2016/11/21,110.91
2016/11/22,110.67
2016/11/23,111.09
2016/11/24,112.47
2016/11/25,113.28
2016/11/28,112.97
2016/11/29,111.87
2016/11/30,112.41
2016/12/1,114.4
2016/12/2,114.08
2016/12/5,113.34
2016/12/6,113.83
2016/12/7,114
2016/12/8,113.67
2016/12/9,114
2016/12/12,115.46
2016/12/13,114.92
2016/12/14,115.16
2016/12/15,117.02
2016/12/16,118.21
2016/12/19,117.87
2016/12/20,117.15
2016/12/21,117.91
2016/12/22,117.47
2016/12/23,117.51
2016/12/26,117.19
2016/12/27,117.1
2016/12/28,117.4
2016/12/29,116.98
2016/12/30,116.55
2017/1/3,117.33
2017/1/4,117.71
2017/1/5,117.22
2017/1/6,115.37
2017/1/9,117
2017/1/10,115.84
2017/1/11,115.73
2017/1/12,115.46
2017/1/13,114.62
2017/1/16,114.41
2017/1/17,114.16
2017/1/18,112.68
2017/1/19,114.52
2017/1/20,114.97
2017/1/23,114.39
2017/1/24,112.73
2017/1/25,113.82
2017/1/26,113.27
2017/1/27,114.55
2017/1/30,114.97
2017/1/31,113.72
2017/2/1,112.85
2017/2/2,113.22
2017/2/3,112.81
2017/2/6,112.57
2017/2/7,111.81
2017/2/8,112.32
2017/2/9,111.9
2017/2/10,113.26
2017/2/13,113.51
2017/2/14,113.7
2017/2/15,114.28
2017/2/16,114.16
2017/2/17,113.2
2017/2/20,112.93
2017/2/21,113.11
2017/2/22,113.64
2017/2/23,113.31
2017/2/24,112.66
2017/2/27,112.15
2017/2/28,112.67
2017/3/1,112.83
2017/3/2,113.71
2017/3/3,114.37
2017/3/6,114.01
2017/3/7,113.89
2017/3/8,113.98
2017/3/9,114.41
2017/3/10,114.93
2017/3/13,114.73
2017/3/14,114.82
2017/3/15,114.73
2017/3/16,113.37
2017/3/17,113.3
2017/3/20,112.68
2017/3/21,112.56
2017/3/22,111.68
2017/3/23,111.16
2017/3/24,110.94
2017/3/27,110.96
2017/3/28,110.57
2017/3/29,111.06
2017/3/30,111
2017/3/31,111.83
2017/4/3,111.38
2017/4/4,110.9
2017/4/5,110.68
2017/4/6,110.69
2017/4/7,110.76
2017/4/10,111.11
2017/4/11,110.85
2017/4/12,109.61
2017/4/13,108.95
2017/4/14,109.09
2017/4/17,108.56
2017/4/18,108.91
2017/4/19,108.44
2017/4/20,108.84
2017/4/21,109.29
2017/4/24,110.11
2017/4/25,109.72
2017/4/26,111.08
2017/4/27,111.09
2017/4/28,111.21
2017/5/1,111.4
2017/5/2,111.8
2017/5/3,111.99
2017/5/4,112.71
2017/5/5,112.44
2017/5/8,112.75
2017/5/9,113.25
2017/5/10,113.97
2017/5/11,114.26
2017/5/12,113.86
2017/5/15,113.31
2017/5/16,113.65
2017/5/17,113.08
2017/5/18,110.77
2017/5/19,111.48
2017/5/22,111.18
2017/5/23,111.27
2017/5/24,111.76
2017/5/25,111.51
2017/5/26,111.79
2017/5/29,111.17
2017/5/30,111.28
2017/5/31,110.81
2017/6/1,110.75
2017/6/2,111.36
2017/6/5,110.49
2017/6/6,110.48
2017/6/7,109.37
2017/6/8,109.79
2017/6/9,109.97
2017/6/12,110.28
2017/6/13,109.88
2017/6/14,110.03
2017/6/15,109.58
2017/6/16,110.83
2017/6/19,110.84
2017/6/20,111.51
2017/6/21,111.42
2017/6/22,111.4
2017/6/23,111.29
2017/6/26,111.17
2017/6/27,111.85
2017/6/28,112.31
2017/6/29,112.28
2017/6/30,112.12
2017/7/3,112.32
2017/7/4,113.43
2017/7/5,113.24
2017/7/6,113.22
2017/7/7,113.17
2017/7/10,113.92
2017/7/11,114.02
2017/7/12,113.93
2017/7/13,113.18
2017/7/14,113.27
2017/7/17,112.48
2017/7/18,112.63
2017/7/19,112.01
2017/7/20,111.87
2017/7/21,111.84
2017/7/24,111.11
2017/7/25,111.1
2017/7/26,111.84
2017/7/27,111.14
2017/7/28,111.26
2017/7/31,110.58
2017/8/1,110.24
2017/8/2,110.35
2017/8/3,110.69
2017/8/4,109.98
2017/8/7,110.72
2017/8/8,110.75
2017/8/9,110.33
2017/8/10,109.97
2017/8/11,109.17
2017/8/14,109.13
2017/8/15,109.64
2017/8/16,110.62
2017/8/17,110.18
2017/8/18,109.5
2017/8/21,109.19
2017/8/22,108.95
2017/8/23,109.55
2017/8/24,109.01
2017/8/25,109.52
2017/8/28,109.31
2017/8/29,108.97
2017/8/30,109.62
2017/8/31,110.25
2017/9/1,109.94
2017/9/4,109.9
2017/9/5,109.66
2017/9/6,108.75
2017/9/7,109.22
2017/9/8,108.47
2017/9/11,108.37
2017/9/12,109.37
2017/9/13,110.1
2017/9/14,110.46
2017/9/15,110.22
2017/9/18,110.97
2017/9/19,111.54
2017/9/20,111.54
2017/9/21,112.22
2017/9/22,112.47
2017/9/25,112.15
2017/9/26,111.7
2017/9/27,112.19
2017/9/28,112.78
2017/9/29,112.29
2017/10/2,112.56
2017/10/3,112.71
2017/10/4,112.87
2017/10/5,112.73
2017/10/6,112.8
2017/10/9,112.47
2017/10/10,112.65
2017/10/11,112.39
2017/10/12,112.48
2017/10/13,112.25
2017/10/16,111.89
2017/10/17,112.14
2017/10/18,112.19
2017/10/19,112.91
2017/10/20,112.54
2017/10/23,113.81
2017/10/24,113.41
2017/10/25,113.9
2017/10/26,113.73
2017/10/27,113.96
2017/10/30,113.78
2017/10/31,113.16
2017/11/1,113.65
2017/11/2,114.14
2017/11/3,114.06
2017/11/6,114.05
2017/11/7,113.73
2017/11/8,113.97
2017/11/9,113.84
2017/11/10,113.42
2017/11/13,113.49
2017/11/14,113.59
2017/11/15,113.42
2017/11/16,112.84
2017/11/17,113.06
2017/11/20,112.11
2017/11/21,112.6
2017/11/22,112.44
2017/11/23,111.22
2017/11/24,111.19
2017/11/27,111.57
2017/11/28,111.03
2017/11/29,111.42
2017/11/30,111.93
2017/12/1,112.56
2017/12/4,112.58
2017/12/5,112.43
2017/12/6,112.55
2017/12/7,112.26
2017/12/8,113.08
2017/12/11,113.49
2017/12/12,113.52
2017/12/13,113.52
2017/12/14,112.54
2017/12/15,112.35
2017/12/18,112.6
2017/12/19,112.55
2017/12/20,112.85
2017/12/21,113.36
2017/12/22,113.29
2017/12/25,113.23
2017/12/26,113.26
2017/12/27,113.18
2017/12/28,113.26
2017/12/29,112.84
2017/12/3,112.56